loan_amnt,int_rate,installment,annual_inc,dti,inq_last_6mths,open_acc,pub_rec,revol_bal,revol_util,total_acc,employment_length_years,loan_term_months,"risk_grade_numeric (1=A best, 7=G worst)",average_fico_score,mort_acc,pub_rec_bankruptcies,approval_probability,predicted_decision,default_probability,default_risk_tier
15050.0,8.9,477.89,42500.0,21.8,0.0,12.0,0.0,19523.0,47.5,34.0,10.0,36,1,702.0,3.0,0.0,0.9695,Approved,0.2311,Medium Risk
2400.0,16.14,84.55,50000.0,1.2,0.0,2.0,0.0,881.0,32.6,4.0,4.0,36,3,672.0,0.0,0.0,0.8711,Approved,0.2598,Medium Risk
21000.0,10.75,453.98,54000.0,11.29,0.0,13.0,0.0,14267.0,48.9,24.0,2.0,60,2,722.0,6.0,0.0,0.9894,Approved,0.4031,High Risk
9775.0,15.8,342.7,35000.0,15.26,0.0,11.0,2.0,5798.0,30.5,14.0,10.0,36,3,682.0,0.0,0.0,0.9942,Approved,0.565,High Risk
26000.0,14.47,611.33,220000.0,24.47,0.0,17.0,0.0,84914.0,56.4,37.0,2.0,60,3,717.0,6.0,0.0,0.9802,Approved,0.4627,High Risk
3500.0,13.59,118.93,65000.0,16.12,0.0,7.0,0.0,3173.0,62.2,13.0,3.0,36,3,662.0,1.0,0.0,0.9037,Approved,0.3113,High Risk
4000.0,7.99,125.33,84000.0,6.46,1.0,6.0,1.0,2086.0,26.1,14.0,9.0,36,1,727.0,3.0,1.0,0.9368,Approved,0.108,Medium Risk
24000.0,13.56,552.98,56000.0,14.27,1.0,13.0,0.0,22577.0,85.8,24.0,10.0,60,3,672.0,1.0,0.0,0.9963,Approved,0.652,High Risk
12000.0,15.02,416.11,21600.0,9.5,1.0,7.0,1.0,7522.0,61.2,12.0,0.0,36,3,667.0,0.0,1.0,0.3867,Rejected,,
15000.0,8.9,476.3,44000.0,8.59,0.0,7.0,0.0,16237.0,58.6,20.0,-1.0,36,1,697.0,0.0,0.0,0.1487,Rejected,,
40000.0,10.47,859.17,167724.0,28.93,0.0,19.0,0.0,48230.0,66.8,27.0,1.0,60,2,722.0,1.0,0.0,0.8799,Approved,0.5272,High Risk
20000.0,12.29,447.83,50000.0,36.73,0.0,16.0,0.0,20259.0,29.7,32.0,10.0,60,3,772.0,4.0,0.0,0.9031,Approved,0.3841,High Risk
35000.0,11.99,1162.34,97800.0,17.96,0.0,9.0,0.0,38592.0,71.1,34.0,10.0,36,2,687.0,6.0,0.0,0.9613,Approved,0.3598,High Risk
35000.0,10.42,1136.27,260000.0,14.15,0.0,10.0,0.0,51797.0,70.2,26.0,10.0,36,2,672.0,6.0,0.0,0.9637,Approved,0.2582,Medium Risk
40000.0,12.62,902.37,155000.0,25.0,0.0,19.0,0.0,54441.0,71.4,30.0,6.0,60,3,682.0,2.0,0.0,0.8971,Approved,0.6272,High Risk
30000.0,19.03,778.72,70000.0,30.46,0.0,8.0,0.0,15824.0,53.6,20.0,10.0,60,4,692.0,1.0,0.0,0.9391,Approved,0.8332,High Risk
30000.0,19.03,778.72,92000.0,5.88,0.0,19.0,1.0,14159.0,28.7,26.0,0.0,60,4,682.0,0.0,1.0,0.1184,Rejected,,
30000.0,7.12,927.96,211600.0,18.52,0.0,16.0,0.0,20529.0,49.3,40.0,6.0,36,1,742.0,6.0,0.0,0.954,Approved,0.0713,Low Risk
16000.0,12.74,361.93,60000.0,22.17,0.0,13.0,1.0,24828.0,61.2,17.0,4.0,60,3,692.0,0.0,1.0,0.9865,Approved,0.6555,High Risk
11200.0,18.99,410.5,53349.0,38.96,0.0,10.0,0.0,12837.0,84.5,13.0,4.0,36,4,667.0,0.0,0.0,0.9415,Approved,0.6483,High Risk
24000.0,12.74,805.66,95000.0,13.58,1.0,15.0,0.0,23559.0,46.8,26.0,2.0,36,3,707.0,1.0,0.0,0.9909,Approved,0.3132,High Risk
18000.0,14.52,423.7,65000.0,23.86,0.0,10.0,0.0,14652.0,70.8,19.0,5.0,60,3,687.0,1.0,0.0,0.7846,Approved,0.6734,High Risk
15000.0,13.33,343.84,41600.0,24.12,0.0,10.0,8.0,15925.0,85.6,20.0,2.0,60,3,662.0,0.0,0.0,0.9363,Approved,0.4225,High Risk
18000.0,16.55,443.01,63000.0,22.3,0.0,9.0,0.0,16731.0,63.1,20.0,9.0,60,4,722.0,1.0,0.0,0.9893,Approved,0.6212,High Risk
15000.0,20.0,557.46,60000.0,11.22,0.0,6.0,0.0,5814.0,34.2,6.0,7.0,36,4,687.0,0.0,0.0,0.934,Approved,0.6475,High Risk
6000.0,18.25,217.67,68000.0,21.43,3.0,6.0,0.0,8116.0,71.2,24.0,2.0,36,4,667.0,2.0,0.0,0.9612,Approved,0.6208,High Risk
11000.0,10.99,360.08,50000.0,21.48,0.0,10.0,0.0,12844.0,50.8,17.0,2.0,36,2,682.0,0.0,0.0,0.9787,Approved,0.4225,High Risk
6400.0,10.42,207.78,43000.0,20.74,0.0,25.0,0.0,7470.0,39.3,44.0,2.0,36,2,707.0,0.0,0.0,0.9818,Approved,0.4153,High Risk
15000.0,10.91,490.45,76000.0,11.79,0.0,8.0,0.0,16324.0,31.3,26.0,9.0,36,2,717.0,2.0,0.0,0.9712,Approved,0.2558,Medium Risk
10000.0,14.52,235.39,38956.0,5.7,0.0,3.0,0.0,7345.0,80.7,7.0,9.0,60,3,702.0,0.0,0.0,0.8985,Approved,0.6363,High Risk
6000.0,11.53,197.95,68000.0,18.51,0.0,11.0,0.0,8476.0,54.0,18.0,10.0,36,2,677.0,0.0,0.0,0.975,Approved,0.4564,High Risk
12000.0,7.51,373.33,73000.0,18.61,1.0,15.0,0.0,6965.0,32.9,24.0,4.0,36,1,737.0,,0.0,0.9806,Approved,0.0723,Low Risk
8000.0,8.46,252.4,110000.0,6.16,0.0,10.0,0.0,1996.0,5.5,20.0,3.0,36,1,742.0,2.0,0.0,0.9547,Approved,0.1877,Medium Risk
12000.0,10.49,389.98,55000.0,11.7,0.0,9.0,1.0,3266.0,19.2,19.0,3.0,36,2,667.0,0.0,1.0,0.981,Approved,0.3021,High Risk
7000.0,15.31,243.73,33000.0,28.44,0.0,12.0,1.0,6560.0,38.8,24.0,10.0,36,3,667.0,0.0,1.0,0.9644,Approved,0.668,High Risk
14000.0,19.92,370.3,50000.0,33.41,0.0,29.0,0.0,5560.0,47.5,63.0,2.0,60,4,702.0,0.0,0.0,0.9815,Approved,0.8048,High Risk
4000.0,9.16,127.5,70000.0,10.56,1.0,16.0,2.0,5323.0,31.1,38.0,10.0,36,2,677.0,0.0,0.0,0.949,Approved,0.1941,Medium Risk
4000.0,26.3,161.81,42500.0,23.24,0.0,10.0,0.0,1641.0,17.3,16.0,10.0,36,5,687.0,0.0,0.0,0.967,Approved,0.7462,High Risk
27850.0,10.75,908.48,85000.0,9.25,0.0,6.0,0.0,8009.0,67.9,12.0,3.0,36,2,667.0,2.0,0.0,0.9743,Approved,0.4349,High Risk
11200.0,9.75,360.08,58000.0,14.17,1.0,7.0,0.0,21162.0,71.7,17.0,10.0,36,2,672.0,3.0,0.0,0.99,Approved,0.2993,Medium Risk
25000.0,11.98,555.86,47000.0,4.98,0.0,9.0,0.0,1257.0,5.1,14.0,4.0,60,2,692.0,0.0,0.0,0.9165,Approved,0.5307,High Risk
14400.0,10.49,309.45,137000.0,18.68,0.0,15.0,0.0,23779.0,44.6,36.0,0.0,60,2,722.0,4.0,0.0,0.7976,Approved,0.3801,High Risk
18000.0,17.47,451.91,77000.0,18.21,0.0,6.0,0.0,1861.0,54.7,20.0,10.0,60,4,672.0,0.0,0.0,0.9878,Approved,0.7888,High Risk
15600.0,16.91,555.49,60000.0,18.3,0.0,11.0,0.0,12392.0,65.9,13.0,10.0,36,3,677.0,1.0,0.0,0.9879,Approved,0.5455,High Risk
15000.0,13.67,392.91,40000.0,17.19,0.0,8.0,0.0,10820.0,59.5,19.0,5.0,36,2,692.0,0.0,0.0,0.5873,Approved,0.3838,High Risk
3600.0,11.53,118.77,21977.0,26.82,0.0,5.0,0.0,6423.0,90.5,9.0,2.0,36,2,697.0,0.0,0.0,0.9857,Approved,0.3047,High Risk
10000.0,7.21,309.74,42000.0,16.43,0.0,6.0,0.0,6632.0,33.7,21.0,6.0,36,1,682.0,2.0,0.0,0.9352,Approved,0.2267,Medium Risk
16000.0,12.74,361.93,90000.0,0.82,2.0,6.0,0.0,1848.0,3.0,23.0,9.0,60,3,757.0,5.0,0.0,0.9436,Approved,0.2377,Medium Risk
16000.0,14.07,372.88,62000.0,23.11,2.0,21.0,0.0,16948.0,30.9,44.0,2.0,60,3,692.0,1.0,0.0,0.9833,Approved,0.6175,High Risk
16925.0,13.99,578.38,70000.0,26.09,0.0,13.0,0.0,5784.0,52.4,17.0,10.0,36,3,672.0,0.0,0.0,0.988,Approved,0.6963,High Risk
40000.0,6.67,785.84,140000.0,30.14,0.0,12.0,0.0,44317.0,66.8,23.0,1.0,60,1,742.0,2.0,0.0,0.8819,Approved,0.0916,Low Risk
9175.0,14.98,317.97,27350.0,13.16,0.0,7.0,0.0,11705.0,51.8,10.0,-1.0,36,3,677.0,0.0,0.0,0.217,Rejected,,
2000.0,7.97,62.65,56000.0,10.59,0.0,7.0,0.0,8900.0,44.1,9.0,10.0,36,1,717.0,0.0,0.0,0.9066,Approved,0.1986,Medium Risk
10000.0,19.03,259.58,96000.0,4.21,1.0,11.0,0.0,3153.0,12.6,12.0,10.0,60,4,677.0,0.0,0.0,0.9095,Approved,0.7115,High Risk
1000.0,22.95,38.69,72000.0,19.6,2.0,14.0,1.0,13445.0,91.5,35.0,10.0,36,6,667.0,3.0,1.0,0.8916,Approved,0.2438,Medium Risk
2000.0,12.99,67.38,60000.0,17.2,1.0,8.0,0.0,12958.0,47.3,17.0,7.0,36,3,677.0,1.0,0.0,0.9044,Approved,0.3828,High Risk
7000.0,7.26,216.98,70000.0,14.66,0.0,6.0,0.0,3498.0,17.5,21.0,2.0,36,1,782.0,0.0,0.0,0.9554,Approved,0.1397,Medium Risk
5200.0,8.9,165.12,28000.0,26.75,0.0,8.0,0.0,4480.0,73.4,13.0,3.0,36,1,702.0,0.0,0.0,0.8979,Approved,0.4066,High Risk
9525.0,10.99,311.8,26500.0,28.8,1.0,12.0,1.0,5180.0,24.0,30.0,-1.0,36,2,677.0,1.0,1.0,0.2209,Rejected,,
3000.0,13.99,102.52,45000.0,31.12,0.0,10.0,0.0,17985.0,96.7,15.0,10.0,36,3,667.0,1.0,0.0,0.9362,Approved,0.6927,High Risk
20000.0,12.73,452.31,53000.0,31.54,0.0,12.0,0.0,24102.0,80.0,15.0,2.0,60,2,692.0,1.0,0.0,0.8993,Approved,0.5998,High Risk
20000.0,17.58,503.32,48000.0,17.15,3.0,5.0,0.0,17115.0,89.1,8.0,7.0,60,4,702.0,,0.0,0.9402,Approved,0.3801,High Risk
4725.0,18.49,171.99,25000.0,15.7,3.0,6.0,1.0,5625.0,78.1,10.0,10.0,36,4,677.0,1.0,1.0,0.9779,Approved,0.476,High Risk
20000.0,16.01,486.47,160000.0,1.85,0.0,10.0,0.0,12281.0,38.1,19.0,1.0,60,3,662.0,1.0,0.0,0.7969,Approved,0.5221,High Risk
28525.0,14.99,988.69,64857.0,10.88,1.0,8.0,0.0,22813.0,60.0,10.0,5.0,36,3,677.0,0.0,0.0,0.8214,Approved,0.4762,High Risk
13425.0,17.86,339.89,32000.0,24.34,1.0,9.0,1.0,12009.0,46.7,23.0,9.0,60,4,677.0,0.0,1.0,0.9945,Approved,0.7919,High Risk
7500.0,7.9,234.68,90000.0,11.99,2.0,13.0,0.0,3639.0,23.2,39.0,3.0,36,1,732.0,5.0,0.0,0.9553,Approved,0.2094,Medium Risk
24000.0,8.08,752.96,140000.0,32.86,0.0,24.0,0.0,15659.0,26.3,42.0,10.0,36,1,727.0,3.0,0.0,0.9924,Approved,0.2704,Medium Risk
24000.0,9.75,506.99,115000.0,16.94,0.0,11.0,0.0,17131.0,42.4,30.0,2.0,60,2,757.0,6.0,0.0,0.9888,Approved,0.3267,High Risk
20000.0,16.91,496.09,58000.0,24.65,3.0,26.0,0.0,13185.0,15.5,33.0,0.0,60,3,732.0,1.0,0.0,0.1181,Rejected,,
12500.0,11.14,410.07,55000.0,15.25,1.0,8.0,0.0,14115.0,41.2,13.0,1.0,36,2,717.0,0.0,0.0,0.9757,Approved,0.3182,High Risk
10000.0,13.59,339.79,40000.0,11.16,0.0,10.0,1.0,11182.0,72.6,15.0,10.0,36,3,662.0,0.0,1.0,0.9355,Approved,0.6069,High Risk
5000.0,10.72,163.04,135000.0,9.88,0.0,7.0,0.0,22839.0,62.7,32.0,10.0,36,2,722.0,4.0,0.0,0.914,Approved,0.106,Medium Risk
16000.0,15.02,554.81,52000.0,9.35,1.0,6.0,0.0,13097.0,59.5,6.0,4.0,36,3,672.0,0.0,0.0,0.9755,Approved,0.4574,High Risk
25000.0,10.47,536.98,265000.0,10.93,1.0,9.0,0.0,16554.0,13.8,20.0,0.0,60,2,747.0,0.0,0.0,0.1539,Rejected,,
6225.0,16.99,221.91,34000.0,16.03,0.0,4.0,0.0,2853.0,58.2,5.0,5.0,36,4,662.0,0.0,0.0,0.8489,Approved,0.4952,High Risk
35000.0,7.21,1084.07,240000.0,27.09,0.0,17.0,0.0,201622.0,34.8,46.0,10.0,36,1,752.0,3.0,0.0,0.944,Approved,0.0714,Low Risk
5000.0,8.18,157.1,71370.0,18.09,0.0,12.0,1.0,6286.0,36.1,27.0,10.0,36,2,672.0,0.0,1.0,0.9601,Approved,0.318,High Risk
5000.0,9.76,160.78,65000.0,11.13,0.0,4.0,0.0,365.0,24.3,10.0,2.0,36,2,667.0,0.0,0.0,0.8799,Approved,0.2668,Medium Risk
6025.0,10.47,195.75,92000.0,21.81,0.0,14.0,0.0,27993.0,35.1,25.0,3.0,36,2,732.0,2.0,0.0,0.9659,Approved,0.2447,Medium Risk
26375.0,18.24,673.2,60000.0,15.8,0.0,14.0,1.0,8295.0,48.8,29.0,3.0,60,4,672.0,0.0,0.0,0.9814,Approved,0.7746,High Risk
15000.0,18.06,542.74,58000.0,13.72,3.0,11.0,0.0,12365.0,62.4,17.0,10.0,36,4,692.0,2.0,0.0,0.9628,Approved,0.6191,High Risk
12000.0,13.35,406.36,68000.0,9.44,0.0,6.0,0.0,12662.0,75.8,15.0,8.0,36,3,692.0,5.0,0.0,0.9727,Approved,0.3334,High Risk
15000.0,18.94,388.62,50000.0,22.97,0.0,9.0,0.0,11699.0,38.5,16.0,5.0,60,4,692.0,0.0,0.0,0.5154,Approved,0.7352,High Risk
10000.0,10.91,326.97,49500.0,27.98,0.0,5.0,0.0,5075.0,56.4,14.0,10.0,36,2,722.0,0.0,0.0,0.9414,Approved,0.3494,High Risk
7000.0,10.99,229.14,50000.0,13.32,0.0,12.0,0.0,2800.0,13.5,25.0,4.0,36,2,762.0,0.0,0.0,0.9474,Approved,0.2274,Medium Risk
30000.0,11.06,653.18,75000.0,29.18,0.0,31.0,0.0,31548.0,61.3,38.0,0.0,60,2,707.0,0.0,0.0,0.1009,Rejected,,
10000.0,11.47,329.62,48000.0,12.08,0.0,6.0,1.0,5547.0,72.0,13.0,3.0,36,2,677.0,0.0,1.0,0.9244,Approved,0.4906,High Risk
6000.0,11.44,197.69,90000.0,28.89,0.0,11.0,0.0,11786.0,102.5,34.0,6.0,36,2,682.0,3.0,0.0,0.959,Approved,0.3006,High Risk
7500.0,9.99,241.97,90000.0,12.61,0.0,5.0,0.0,9359.0,60.4,12.0,10.0,36,2,692.0,0.0,0.0,0.9464,Approved,0.1928,Medium Risk
3600.0,14.47,123.87,140000.0,10.4,2.0,10.0,0.0,20300.0,57.8,28.0,10.0,36,3,697.0,6.0,0.0,0.9856,Approved,0.2464,Medium Risk
6000.0,15.61,209.79,140000.0,4.06,0.0,6.0,0.0,9211.0,67.7,17.0,10.0,36,3,687.0,0.0,0.0,0.9533,Approved,0.2681,Medium Risk
21000.0,9.49,672.6,60000.0,28.66,0.0,14.0,0.0,18809.0,53.1,19.0,10.0,36,2,717.0,3.0,0.0,0.9879,Approved,0.3517,High Risk
9600.0,16.46,339.7,46000.0,9.86,0.0,5.0,0.0,9807.0,64.5,13.0,2.0,36,3,667.0,0.0,0.0,0.9889,Approved,0.467,High Risk
24000.0,13.98,558.19,189632.0,7.16,1.0,14.0,0.0,23111.0,73.1,28.0,10.0,60,3,672.0,6.0,0.0,0.996,Approved,0.3987,High Risk
16000.0,11.06,524.28,54420.0,17.46,0.0,9.0,0.0,15486.0,72.7,21.0,10.0,36,2,722.0,3.0,0.0,0.9895,Approved,0.3273,High Risk
6325.0,18.75,231.06,30216.0,7.55,0.0,5.0,0.0,2989.0,54.3,10.0,-1.0,36,4,687.0,0.0,0.0,0.5413,Approved,0.598,High Risk
6250.0,18.54,227.65,60000.0,8.34,1.0,8.0,0.0,1743.0,94.0,47.0,10.0,36,5,667.0,7.0,0.0,0.9865,Approved,0.4291,High Risk
21000.0,12.49,472.35,90000.0,13.02,0.0,7.0,0.0,30897.0,64.1,18.0,4.0,60,2,712.0,6.0,0.0,0.9837,Approved,0.3135,High Risk
24000.0,14.47,564.31,90000.0,5.93,0.0,15.0,0.0,11724.0,33.8,21.0,6.0,60,3,672.0,2.0,0.0,0.9901,Approved,0.6037,High Risk
21850.0,13.99,508.3,43718.4,14.88,0.0,5.0,0.0,6482.0,64.2,16.0,9.0,60,3,722.0,2.0,0.0,0.995,Approved,0.6523,High Risk
10000.0,12.79,335.93,70000.0,30.33,0.0,16.0,0.0,17786.0,73.2,29.0,10.0,36,3,677.0,2.0,0.0,0.9438,Approved,0.5259,High Risk
32000.0,12.74,723.85,86000.0,20.78,2.0,16.0,1.0,4439.0,16.1,30.0,6.0,60,3,717.0,5.0,1.0,0.979,Approved,0.5742,High Risk
10000.0,12.05,222.7,80000.0,19.62,1.0,17.0,0.0,16196.0,63.3,23.0,6.0,60,3,662.0,1.0,0.0,0.9252,Approved,0.6682,High Risk
17600.0,16.55,623.56,50000.0,29.02,0.0,17.0,0.0,13094.0,42.2,35.0,4.0,36,4,692.0,2.0,0.0,0.9794,Approved,0.6183,High Risk
5000.0,17.09,178.49,60000.0,23.3,1.0,11.0,0.0,2605.0,21.9,17.0,7.0,36,4,712.0,0.0,0.0,0.9268,Approved,0.5708,High Risk
7925.0,16.29,279.76,24000.0,21.25,0.0,6.0,1.0,7840.0,87.1,26.0,6.0,36,3,667.0,0.0,1.0,0.9614,Approved,0.5285,High Risk
23000.0,10.99,752.89,86000.0,35.24,0.0,14.0,0.0,26237.0,91.7,40.0,7.0,36,2,712.0,4.0,0.0,0.973,Approved,0.2892,Medium Risk
22000.0,11.99,730.61,60000.0,24.01,0.0,6.0,0.0,23527.0,83.1,14.0,1.0,36,2,707.0,0.0,0.0,0.9483,Approved,0.3428,High Risk
28000.0,7.12,866.1,140000.0,11.99,0.0,13.0,0.0,42648.0,60.7,23.0,4.0,36,1,732.0,2.0,0.0,0.9873,Approved,0.0983,Low Risk
23475.0,14.99,558.35,56000.0,22.16,1.0,9.0,0.0,26473.0,57.2,21.0,9.0,60,3,697.0,1.0,0.0,0.9909,Approved,0.6412,High Risk
18000.0,10.75,587.17,43400.0,40.6,0.0,12.0,0.0,20295.0,50.6,14.0,1.0,36,2,712.0,0.0,0.0,0.7965,Approved,0.3319,High Risk
5000.0,10.75,163.11,50000.0,15.63,1.0,6.0,1.0,2746.0,38.7,16.0,10.0,36,2,662.0,0.0,1.0,0.9455,Approved,0.4635,High Risk
25000.0,9.17,521.03,93000.0,22.59,1.0,25.0,1.0,42247.0,51.0,43.0,10.0,60,2,692.0,5.0,0.0,0.9548,Approved,0.6036,High Risk
35000.0,24.84,1024.02,35000.0,49.14,1.0,5.0,0.0,22354.0,91.0,17.0,3.0,60,5,672.0,2.0,0.0,0.772,Approved,0.6078,High Risk
20000.0,9.43,419.36,115000.0,24.25,2.0,10.0,0.0,28619.0,28.6,19.0,4.0,60,2,762.0,3.0,0.0,0.9217,Approved,0.536,High Risk
13400.0,12.61,448.99,70000.0,17.73,0.0,13.0,1.0,20289.0,78.3,25.0,2.0,36,3,667.0,0.0,1.0,0.9821,Approved,0.5137,High Risk
3000.0,13.35,101.59,40000.0,10.14,1.0,10.0,1.0,567.0,7.4,32.0,10.0,36,3,687.0,2.0,1.0,0.9223,Approved,0.1531,Medium Risk
3500.0,11.99,116.24,97000.0,6.65,0.0,9.0,0.0,17520.0,93.2,12.0,0.0,36,3,667.0,0.0,0.0,0.0814,Rejected,,
20175.0,9.99,650.9,60000.0,20.76,0.0,10.0,0.0,17114.0,58.6,13.0,10.0,36,2,697.0,0.0,0.0,0.9627,Approved,0.3891,High Risk
20000.0,13.33,677.07,70000.0,23.93,0.0,10.0,0.0,40869.0,89.0,21.0,10.0,36,3,692.0,2.0,0.0,0.9577,Approved,0.5557,High Risk
18000.0,12.74,604.24,75000.0,4.46,0.0,8.0,0.0,10337.0,62.6,11.0,2.0,36,3,682.0,0.0,0.0,0.959,Approved,0.4351,High Risk
5000.0,16.99,178.24,67000.0,32.32,0.0,24.0,0.0,22542.0,35.2,49.0,10.0,36,4,697.0,2.0,0.0,0.9273,Approved,0.5385,High Risk
30000.0,15.05,714.49,63876.0,27.62,0.0,9.0,0.0,30819.0,52.9,12.0,10.0,60,3,722.0,0.0,0.0,0.956,Approved,0.7009,High Risk
10000.0,12.62,225.6,61935.0,24.36,1.0,11.0,1.0,13559.0,61.4,43.0,-1.0,60,3,667.0,6.0,1.0,0.074,Rejected,,
21875.0,10.64,712.44,125000.0,16.48,1.0,15.0,0.0,14048.0,46.2,25.0,6.0,36,2,697.0,5.0,0.0,0.9924,Approved,0.289,Medium Risk
11000.0,8.46,347.04,65000.0,23.36,1.0,9.0,0.0,8081.0,17.6,34.0,4.0,36,1,707.0,0.0,0.0,0.972,Approved,0.274,Medium Risk
5000.0,7.84,156.32,35000.0,14.4,0.0,20.0,0.0,5357.0,6.4,42.0,9.0,36,1,762.0,6.0,0.0,0.9195,Approved,0.171,Medium Risk
2600.0,10.65,84.7,21000.0,17.49,0.0,13.0,0.0,1681.0,37.4,20.0,1.0,36,2,687.0,,0.0,0.5916,Approved,0.1961,Medium Risk
6000.0,6.11,182.84,50000.0,3.02,0.0,4.0,0.0,5202.0,35.4,5.0,8.0,36,1,707.0,0.0,0.0,0.9443,Approved,0.0857,Low Risk
18250.0,22.95,513.96,57500.0,16.38,3.0,14.0,0.0,12947.0,49.6,27.0,1.0,60,6,677.0,2.0,0.0,0.9774,Approved,0.7211,High Risk
4700.0,10.49,152.74,80000.0,8.27,0.0,10.0,0.0,7183.0,23.9,17.0,10.0,36,2,682.0,0.0,0.0,0.9633,Approved,0.2202,Medium Risk
24000.0,19.99,635.72,83000.0,25.19,0.0,27.0,0.0,17809.0,45.7,40.0,10.0,60,4,682.0,1.0,0.0,0.9942,Approved,0.8119,High Risk
10000.0,6.67,307.27,54000.0,20.27,0.0,4.0,0.0,10790.0,44.0,6.0,1.0,36,1,702.0,0.0,0.0,0.9053,Approved,0.2278,Medium Risk
16000.0,6.99,493.97,114000.0,16.43,0.0,16.0,0.0,38086.0,47.1,21.0,10.0,36,1,697.0,3.0,0.0,0.989,Approved,0.1824,Medium Risk
16000.0,6.83,492.8,82000.0,20.65,0.0,14.0,0.0,32022.0,42.1,22.0,9.0,36,1,722.0,0.0,0.0,0.9914,Approved,0.1623,Medium Risk
20000.0,13.99,465.27,56000.0,12.43,0.0,7.0,0.0,8455.0,76.9,11.0,2.0,60,3,672.0,0.0,0.0,0.9015,Approved,0.747,High Risk
25000.0,11.99,830.24,93000.0,18.65,0.0,18.0,0.0,38162.0,37.3,29.0,-1.0,36,2,712.0,5.0,0.0,0.146,Rejected,,
38000.0,6.11,1157.93,195600.0,6.09,0.0,4.0,0.0,22963.0,82.0,49.0,2.0,36,1,737.0,4.0,0.0,0.8892,Approved,0.0434,Low Risk
5000.0,14.99,173.31,25000.0,29.86,0.0,6.0,0.0,25494.0,95.5,16.0,-1.0,36,3,662.0,2.0,0.0,0.0413,Rejected,,
4000.0,12.62,134.05,68000.0,18.62,0.0,9.0,0.0,7159.0,49.7,13.0,10.0,36,3,662.0,1.0,0.0,0.9723,Approved,0.4001,High Risk
29000.0,10.99,630.39,123000.0,24.7,0.0,22.0,0.0,23241.0,51.6,35.0,10.0,60,2,707.0,2.0,0.0,0.986,Approved,0.631,High Risk
18000.0,15.8,435.82,55000.0,18.09,1.0,12.0,0.0,8016.0,61.2,34.0,10.0,60,3,677.0,2.0,0.0,0.9891,Approved,0.5801,High Risk
4800.0,12.59,160.79,46000.0,27.68,1.0,14.0,0.0,3601.0,83.7,14.0,2.0,36,3,682.0,0.0,0.0,0.9866,Approved,0.4397,High Risk
19200.0,10.99,628.5,80000.0,6.72,0.0,14.0,0.0,18334.0,36.4,21.0,5.0,36,2,692.0,3.0,0.0,0.9323,Approved,0.2951,Medium Risk
1200.0,12.12,39.93,23000.0,6.55,1.0,11.0,0.0,2872.0,8.0,20.0,4.0,36,2,742.0,0.0,0.0,0.8708,Approved,0.1155,Medium Risk
3000.0,12.99,101.07,32000.0,15.0,0.0,12.0,0.0,1841.0,20.2,15.0,2.0,36,3,692.0,0.0,0.0,0.8919,Approved,0.5071,High Risk
10000.0,7.07,309.1,46000.0,7.36,1.0,12.0,0.0,7624.0,15.5,15.0,2.0,36,1,757.0,1.0,0.0,0.9307,Approved,0.1361,Medium Risk
10000.0,7.35,310.38,44000.0,0.82,0.0,3.0,0.0,36.0,0.6,14.0,2.0,36,1,732.0,0.0,0.0,0.6381,Approved,0.1511,Medium Risk
20000.0,13.33,458.45,68000.0,28.56,0.0,11.0,0.0,22749.0,98.5,30.0,10.0,60,3,667.0,4.0,0.0,0.9486,Approved,0.7111,High Risk
5000.0,13.59,169.9,60000.0,16.56,0.0,7.0,0.0,14755.0,79.8,15.0,10.0,36,3,682.0,1.0,0.0,0.9455,Approved,0.4264,High Risk
8000.0,17.27,286.3,40000.0,29.13,1.0,14.0,0.0,7111.0,58.3,38.0,0.0,36,3,677.0,0.0,0.0,0.202,Rejected,,
2500.0,16.29,88.26,93000.0,15.14,2.0,13.0,1.0,17796.0,57.6,19.0,10.0,36,3,677.0,3.0,1.0,0.8976,Approved,0.4665,High Risk
10000.0,6.07,304.54,69000.0,20.71,0.0,11.0,0.0,14541.0,41.2,17.0,6.0,36,1,777.0,1.0,0.0,0.9394,Approved,0.0807,Low Risk
2000.0,17.99,72.3,8000.0,31.98,0.0,4.0,0.0,1979.0,79.0,5.0,2.0,36,4,702.0,0.0,0.0,0.8555,Approved,0.3569,High Risk
12000.0,14.64,413.88,46000.0,8.92,0.0,7.0,0.0,12174.0,78.5,21.0,0.0,36,3,662.0,4.0,0.0,0.4043,Rejected,,
25000.0,10.33,535.25,65000.0,29.93,0.0,10.0,0.0,3532.0,5.9,16.0,10.0,60,2,807.0,0.0,0.0,0.9285,Approved,0.2135,Medium Risk
6000.0,14.65,206.97,19000.0,10.93,0.0,4.0,0.0,4350.0,88.8,6.0,3.0,36,3,682.0,0.0,0.0,0.9516,Approved,0.4652,High Risk
18000.0,10.16,582.17,70000.0,20.78,0.0,10.0,0.0,17383.0,78.3,29.0,2.0,36,2,722.0,0.0,0.0,0.9811,Approved,0.2148,Medium Risk
16000.0,7.49,497.63,92000.0,19.19,1.0,10.0,0.0,16549.0,47.8,22.0,3.0,36,1,712.0,0.0,0.0,0.9862,Approved,0.2188,Medium Risk
21000.0,8.9,666.82,90000.0,4.83,3.0,8.0,0.0,9563.0,18.9,26.0,0.0,36,1,747.0,0.0,0.0,0.5797,Approved,0.2562,Medium Risk
10000.0,18.84,258.53,45000.0,12.85,1.0,4.0,1.0,5735.0,76.5,13.0,10.0,60,5,677.0,2.0,1.0,0.9522,Approved,0.6909,High Risk
12700.0,10.49,412.73,60500.0,17.81,0.0,6.0,0.0,16681.0,63.4,17.0,6.0,36,2,747.0,0.0,0.0,0.9838,Approved,0.2282,Medium Risk
20000.0,17.14,498.56,135000.0,22.36,0.0,9.0,0.0,13538.0,70.1,31.0,10.0,60,4,692.0,5.0,0.0,0.955,Approved,0.6017,High Risk
15000.0,6.11,457.08,80000.0,9.89,0.0,7.0,0.0,10886.0,30.0,12.0,3.0,36,1,742.0,0.0,0.0,0.9253,Approved,0.0485,Low Risk
10000.0,20.39,267.12,80000.0,1.76,0.0,4.0,0.0,1323.0,57.5,6.0,10.0,60,4,672.0,0.0,0.0,0.8508,Approved,0.6688,High Risk
40000.0,14.07,932.19,97500.0,4.98,0.0,8.0,1.0,918.0,2.6,13.0,3.0,60,3,702.0,0.0,0.0,0.8907,Approved,0.7191,High Risk
35000.0,11.8,1159.17,99000.0,22.07,0.0,19.0,1.0,9655.0,21.8,26.0,6.0,36,2,662.0,3.0,1.0,0.9597,Approved,0.5426,High Risk
35000.0,11.99,778.38,120000.0,4.06,0.0,8.0,0.0,27131.0,25.0,17.0,4.0,60,2,682.0,2.0,0.0,0.8902,Approved,0.3813,High Risk
1200.0,15.59,41.95,25000.0,22.32,0.0,5.0,0.0,8058.0,19.8,12.0,-1.0,36,3,662.0,2.0,0.0,0.0869,Rejected,,
30000.0,11.49,989.14,145000.0,33.41,0.0,11.0,0.0,217525.0,92.4,16.0,-1.0,36,2,687.0,2.0,0.0,0.0659,Rejected,,
3000.0,12.29,100.06,52000.0,32.26,1.0,20.0,0.0,2972.0,14.6,31.0,9.0,36,3,662.0,0.0,0.0,0.9522,Approved,0.3989,High Risk
3000.0,16.02,105.51,65000.0,14.44,3.0,10.0,1.0,2384.0,26.5,53.0,7.0,36,3,667.0,0.0,1.0,0.9483,Approved,0.2846,Medium Risk
5500.0,12.62,184.32,41100.0,18.19,0.0,10.0,0.0,4783.0,43.5,53.0,2.0,36,3,672.0,1.0,0.0,0.9754,Approved,0.4658,High Risk
18000.0,6.99,555.71,68000.0,14.12,0.0,16.0,0.0,20550.0,22.2,19.0,8.0,36,1,732.0,2.0,0.0,0.986,Approved,0.1246,Medium Risk
10000.0,11.49,329.72,45000.0,9.71,1.0,11.0,1.0,3501.0,38.1,17.0,2.0,36,2,687.0,0.0,1.0,0.9145,Approved,0.4793,High Risk
7000.0,10.99,229.14,40000.0,16.38,0.0,16.0,0.0,9241.0,85.6,24.0,2.0,36,2,667.0,0.0,0.0,0.9654,Approved,0.3784,High Risk
17975.0,16.55,442.39,52000.0,31.55,0.0,18.0,1.0,7311.0,27.3,41.0,10.0,60,4,672.0,4.0,1.0,0.9802,Approved,0.7552,High Risk
25000.0,13.59,849.48,125000.0,17.68,0.0,17.0,1.0,37568.0,60.1,31.0,4.0,36,3,682.0,2.0,1.0,0.925,Approved,0.4843,High Risk
11875.0,7.89,371.52,35000.0,13.41,0.0,10.0,0.0,5128.0,13.5,23.0,7.0,36,1,777.0,0.0,0.0,0.9881,Approved,0.1769,Medium Risk
20000.0,23.28,567.04,51700.0,20.5,0.0,13.0,0.0,22088.0,75.6,20.0,10.0,60,6,692.0,0.0,0.0,0.9603,Approved,0.753,High Risk
15000.0,11.99,498.15,44000.0,18.34,0.0,11.0,0.0,15685.0,40.6,19.0,5.0,36,3,692.0,1.0,0.0,0.6077,Approved,0.4742,High Risk
4800.0,13.98,164.01,32000.0,19.99,2.0,5.0,0.0,4333.0,25.6,12.0,1.0,36,3,742.0,0.0,0.0,0.9758,Approved,0.4139,High Risk
26400.0,20.99,714.07,105000.0,25.98,1.0,10.0,0.0,13042.0,61.2,21.0,0.0,60,5,707.0,0.0,0.0,0.2751,Rejected,,
12000.0,13.99,410.08,52000.0,15.79,1.0,12.0,0.0,11553.0,25.2,21.0,-1.0,36,3,692.0,0.0,0.0,0.452,Rejected,,
2700.0,9.44,86.42,40000.0,24.81,0.0,9.0,0.0,11361.0,29.4,17.0,7.0,36,2,737.0,1.0,0.0,0.9716,Approved,0.2143,Medium Risk
27000.0,16.29,660.76,80000.0,16.85,0.0,15.0,0.0,22243.0,65.5,40.0,3.0,60,4,672.0,6.0,0.0,0.9816,Approved,0.5803,High Risk
19000.0,7.35,589.72,49000.0,22.22,1.0,11.0,0.0,11489.0,38.7,17.0,7.0,36,1,687.0,0.0,0.0,0.9895,Approved,0.3102,High Risk
35000.0,22.74,981.45,122000.0,10.42,2.0,15.0,1.0,25037.0,46.9,45.0,10.0,60,5,672.0,6.0,1.0,0.9463,Approved,0.6194,High Risk
40000.0,11.99,889.58,172000.0,9.29,3.0,13.0,1.0,2230.0,4.5,32.0,1.0,60,2,732.0,0.0,1.0,0.8886,Approved,0.7423,High Risk
7200.0,12.79,241.87,35000.0,27.37,0.0,7.0,0.0,5280.0,91.0,25.0,5.0,36,3,662.0,0.0,0.0,0.9198,Approved,0.4922,High Risk
15000.0,7.99,469.98,101000.0,3.95,0.0,7.0,0.0,13997.0,43.1,13.0,2.0,36,1,707.0,2.0,0.0,0.8859,Approved,0.1874,Medium Risk
9000.0,11.44,296.53,45000.0,25.15,0.0,13.0,1.0,6688.0,34.8,20.0,5.0,36,2,692.0,1.0,0.0,0.7083,Approved,0.468,High Risk
5000.0,11.48,164.84,20800.0,33.69,0.0,7.0,0.0,8089.0,73.5,13.0,10.0,36,2,707.0,0.0,0.0,0.9271,Approved,0.531,High Risk
24000.0,16.99,596.34,67500.0,38.63,0.0,25.0,0.0,22387.0,61.3,34.0,2.0,60,4,717.0,0.0,0.0,0.9521,Approved,0.7787,High Risk
29000.0,6.03,882.64,95000.0,11.71,0.0,8.0,0.0,29427.0,40.1,19.0,3.0,36,1,782.0,5.0,0.0,0.9849,Approved,0.064,Low Risk
15000.0,7.56,467.01,78000.0,20.89,0.0,21.0,0.0,20064.0,18.3,25.0,7.0,36,1,727.0,0.0,0.0,0.9628,Approved,0.185,Medium Risk
20000.0,17.99,507.76,50000.0,14.62,0.0,8.0,1.0,2474.0,27.5,22.0,10.0,60,4,672.0,2.0,0.0,0.9603,Approved,0.7475,High Risk
12000.0,8.46,378.59,130000.0,7.95,1.0,16.0,0.0,12655.0,52.1,27.0,8.0,36,1,677.0,0.0,0.0,0.9775,Approved,0.1905,Medium Risk
12000.0,7.29,372.12,61000.0,17.94,0.0,5.0,0.0,21200.0,75.7,21.0,2.0,36,1,742.0,,0.0,0.982,Approved,0.0749,Low Risk
8150.0,8.24,256.3,68239.0,31.5,1.0,14.0,0.0,54084.0,91.0,28.0,4.0,36,2,682.0,5.0,0.0,0.9477,Approved,0.4243,High Risk
6600.0,17.57,237.19,37000.0,20.05,2.0,12.0,0.0,4203.0,38.9,14.0,0.0,36,4,687.0,0.0,0.0,0.3644,Rejected,,
3275.0,21.67,124.52,40000.0,18.06,1.0,7.0,0.0,5318.0,57.8,8.0,3.0,36,5,677.0,0.0,0.0,0.9049,Approved,0.5594,High Risk
18000.0,13.18,411.22,85000.0,6.55,1.0,7.0,0.0,12809.0,64.7,12.0,2.0,60,3,687.0,2.0,0.0,0.9684,Approved,0.5124,High Risk
18000.0,15.31,431.16,90000.0,17.01,0.0,11.0,0.0,13118.0,62.5,33.0,10.0,60,3,712.0,5.0,0.0,0.9869,Approved,0.4239,High Risk
12000.0,16.29,293.67,60000.0,26.96,2.0,24.0,0.0,2577.0,17.5,32.0,0.0,60,4,732.0,0.0,0.0,0.3518,Rejected,,
7750.0,21.48,293.9,46000.0,16.07,3.0,8.0,0.0,564.0,33.2,29.0,-1.0,36,5,662.0,4.0,0.0,0.2359,Rejected,,
13000.0,12.29,433.59,55000.0,21.12,1.0,20.0,0.0,13198.0,63.1,28.0,3.0,36,3,682.0,5.0,0.0,0.9628,Approved,0.4864,High Risk
11000.0,7.49,342.12,160000.0,11.75,1.0,14.0,1.0,22226.0,52.2,40.0,10.0,36,1,662.0,3.0,0.0,0.9891,Approved,0.2022,Medium Risk
10000.0,24.85,292.64,27744.0,33.02,1.0,8.0,1.0,1655.0,14.0,33.0,2.0,60,5,712.0,0.0,0.0,0.8702,Approved,0.6897,High Risk
5000.0,17.97,180.69,12000.0,98.4,0.0,7.0,0.0,6887.0,71.7,21.0,-1.0,36,4,682.0,0.0,0.0,0.0008,Rejected,,
24700.0,19.52,647.82,117350.0,15.54,1.0,13.0,0.0,17689.0,85.0,31.0,10.0,60,4,682.0,2.0,0.0,0.9956,Approved,0.6376,High Risk
6025.0,12.74,202.26,40000.0,2.61,1.0,2.0,1.0,1968.0,72.9,6.0,-1.0,36,3,667.0,2.0,1.0,0.0832,Rejected,,
8000.0,14.99,277.29,34000.0,27.83,0.0,10.0,0.0,6992.0,45.1,17.0,2.0,36,3,667.0,0.0,0.0,0.9645,Approved,0.5913,High Risk
14400.0,16.2,351.72,38000.0,24.32,0.0,19.0,0.0,15199.0,65.5,46.0,8.0,60,3,677.0,2.0,0.0,0.9976,Approved,0.7072,High Risk
4000.0,8.59,126.44,80000.0,15.99,0.0,8.0,0.0,11765.0,68.4,13.0,10.0,36,1,682.0,2.0,0.0,0.974,Approved,0.2538,Medium Risk
5000.0,7.99,156.66,100000.0,18.82,0.0,12.0,0.0,40051.0,51.0,26.0,10.0,36,1,712.0,4.0,0.0,0.9478,Approved,0.2573,Medium Risk
12000.0,10.99,392.81,50000.0,34.88,0.0,10.0,0.0,8686.0,33.4,27.0,5.0,36,2,717.0,4.0,0.0,0.642,Approved,0.3726,High Risk
18000.0,7.69,561.49,145000.0,14.56,0.0,17.0,0.0,66893.0,43.3,39.0,10.0,36,1,727.0,5.0,0.0,0.9858,Approved,0.1394,Medium Risk
6000.0,7.34,186.2,94000.0,3.6,0.0,10.0,0.0,6847.0,14.1,26.0,9.0,36,1,692.0,2.0,0.0,0.9492,Approved,0.126,Medium Risk
16000.0,16.14,390.29,37400.0,17.07,0.0,4.0,0.0,1881.0,19.8,11.0,1.0,60,3,802.0,3.0,0.0,0.984,Approved,0.5253,High Risk
30225.0,15.31,1052.36,63000.0,22.84,0.0,19.0,0.0,23681.0,61.2,49.0,10.0,36,3,702.0,0.0,0.0,0.9582,Approved,0.5001,High Risk
10000.0,10.42,214.55,30000.0,23.8,1.0,11.0,0.0,3502.0,13.6,15.0,0.0,60,2,762.0,0.0,0.0,0.0786,Rejected,,
5000.0,7.89,156.43,80000.0,8.91,0.0,6.0,2.0,1782.0,48.2,11.0,3.0,36,1,692.0,0.0,2.0,0.8218,Approved,0.1884,Medium Risk
20000.0,11.49,659.43,125000.0,10.63,0.0,19.0,0.0,10688.0,51.1,31.0,3.0,36,2,667.0,0.0,0.0,0.9201,Approved,0.5529,High Risk
9000.0,8.0,282.03,57000.0,9.62,0.0,7.0,0.0,57033.0,29.8,27.0,10.0,36,1,772.0,,0.0,0.9614,Approved,0.0415,Low Risk
5000.0,16.29,176.51,73275.0,16.18,1.0,18.0,0.0,3471.0,31.8,22.0,3.0,36,4,672.0,0.0,0.0,0.8858,Approved,0.4944,High Risk
34000.0,20.39,908.19,70400.0,23.13,1.0,12.0,0.0,15094.0,78.2,27.0,10.0,60,4,672.0,3.0,0.0,0.9741,Approved,0.7009,High Risk
9500.0,6.67,291.91,18000.0,14.07,1.0,5.0,0.0,10545.0,50.2,13.0,2.0,36,1,717.0,0.0,0.0,0.9678,Approved,0.2124,Medium Risk
5000.0,21.85,190.57,53045.0,21.04,0.0,7.0,0.0,5397.0,58.7,16.0,10.0,36,4,662.0,0.0,0.0,0.9505,Approved,0.625,High Risk
10400.0,10.15,336.32,47400.0,17.7,1.0,10.0,0.0,7826.0,46.3,12.0,2.0,36,2,687.0,0.0,0.0,0.9804,Approved,0.4099,High Risk
18000.0,9.99,580.73,80000.0,17.46,2.0,22.0,0.0,13202.0,46.5,38.0,10.0,36,2,742.0,8.0,0.0,0.9873,Approved,0.1943,Medium Risk
4600.0,10.42,149.34,30000.0,14.8,0.0,10.0,0.0,14082.0,40.7,17.0,10.0,36,2,697.0,0.0,0.0,0.9779,Approved,0.5255,High Risk
20000.0,9.75,422.49,127500.0,19.72,0.0,12.0,0.0,59916.0,95.4,26.0,5.0,60,2,682.0,6.0,0.0,0.6267,Approved,0.4156,High Risk
10000.0,14.65,344.95,65000.0,36.89,0.0,15.0,0.0,25430.0,71.8,48.0,10.0,36,3,687.0,4.0,0.0,0.9062,Approved,0.4902,High Risk
6350.0,11.39,209.07,47000.0,22.5,0.0,14.0,0.0,5129.0,73.3,22.0,2.0,36,2,702.0,1.0,0.0,0.9819,Approved,0.4555,High Risk
35000.0,15.99,1230.33,90000.0,21.44,1.0,20.0,0.0,33151.0,61.3,41.0,2.0,36,4,677.0,2.0,0.0,0.9363,Approved,0.5135,High Risk
28000.0,15.31,670.69,126000.0,20.66,0.0,10.0,0.0,57213.0,98.5,17.0,10.0,60,3,737.0,3.0,0.0,0.9949,Approved,0.5371,High Risk
22000.0,7.97,689.1,40000.0,26.49,0.0,6.0,0.0,21918.0,78.3,8.0,0.0,36,1,732.0,1.0,0.0,0.1842,Rejected,,
30000.0,12.73,678.46,104000.0,20.86,2.0,17.0,1.0,11122.0,64.3,24.0,6.0,60,2,712.0,1.0,1.0,0.9562,Approved,0.6544,High Risk
10000.0,5.32,301.15,41000.0,18.24,0.0,13.0,0.0,10195.0,43.0,25.0,10.0,36,1,712.0,6.0,0.0,0.9578,Approved,0.4418,High Risk
9000.0,7.39,279.51,110000.0,5.0,0.0,5.0,0.0,2335.0,27.5,32.0,10.0,36,1,672.0,2.0,0.0,0.9732,Approved,0.2095,Medium Risk
7500.0,7.21,232.3,60000.0,13.61,0.0,5.0,1.0,6845.0,37.0,35.0,10.0,36,1,722.0,0.0,1.0,0.9638,Approved,0.1282,Medium Risk
11525.0,11.99,382.74,40000.0,22.68,0.0,9.0,0.0,21744.0,44.6,15.0,6.0,36,3,742.0,0.0,0.0,0.9871,Approved,0.4618,High Risk
9000.0,15.49,314.16,52000.0,18.72,2.0,13.0,0.0,10288.0,46.6,17.0,2.0,36,3,677.0,0.0,0.0,0.9763,Approved,0.5359,High Risk
10000.0,15.61,241.12,34840.0,24.01,1.0,16.0,1.0,7786.0,68.9,32.0,5.0,60,4,662.0,1.0,1.0,0.4353,Rejected,,
20000.0,7.34,620.66,122360.0,34.95,0.0,13.0,0.0,18967.0,69.5,47.0,3.0,36,1,702.0,6.0,0.0,0.8901,Approved,0.2464,Medium Risk
35000.0,19.99,1300.55,77000.0,13.09,0.0,5.0,0.0,7378.0,57.6,6.0,3.0,36,4,692.0,0.0,0.0,0.9233,Approved,0.7136,High Risk
14000.0,14.08,479.04,47500.0,5.84,1.0,5.0,0.0,7956.0,99.5,11.0,2.0,36,3,677.0,2.0,0.0,0.9772,Approved,0.3866,High Risk
19975.0,18.99,518.06,55000.0,16.04,0.0,13.0,1.0,46894.0,20.5,27.0,10.0,60,4,677.0,3.0,0.0,0.9956,Approved,0.5712,High Risk
37400.0,11.99,831.76,125000.0,18.09,0.0,17.0,0.0,13192.0,16.5,26.0,10.0,60,2,742.0,2.0,0.0,0.9647,Approved,0.5157,High Risk
7000.0,16.32,247.2,55000.0,3.99,1.0,5.0,0.0,4747.0,93.1,10.0,3.0,36,5,662.0,,0.0,0.9015,Approved,0.3408,High Risk
10800.0,14.52,254.22,100000.0,3.23,1.0,4.0,0.0,8835.0,68.0,24.0,10.0,60,3,662.0,6.0,0.0,0.9841,Approved,0.2304,Medium Risk
11000.0,15.05,381.59,113000.0,19.97,1.0,12.0,0.0,22780.0,77.5,15.0,0.0,36,3,662.0,1.0,0.0,0.3517,Rejected,,
13000.0,8.18,408.46,98000.0,4.52,0.0,4.0,0.0,9575.0,50.9,16.0,7.0,36,2,667.0,3.0,0.0,0.9488,Approved,0.1876,Medium Risk
16000.0,9.44,512.08,60000.0,9.78,0.0,9.0,0.0,6196.0,20.5,10.0,2.0,36,2,727.0,0.0,0.0,0.9813,Approved,0.2843,Medium Risk
25000.0,12.49,562.33,121000.0,7.51,0.0,8.0,0.0,13723.0,43.6,15.0,9.0,60,2,747.0,0.0,0.0,0.929,Approved,0.4093,High Risk
15000.0,9.93,483.52,72000.0,33.2,0.0,10.0,0.0,33088.0,89.9,17.0,7.0,36,2,727.0,1.0,0.0,0.9423,Approved,0.2952,Medium Risk
11200.0,14.33,384.59,57000.0,11.16,0.0,6.0,0.0,2547.0,31.4,16.0,0.0,36,3,677.0,0.0,0.0,0.4002,Rejected,,
21675.0,16.99,538.57,55000.0,30.35,1.0,10.0,0.0,6508.0,27.8,17.0,0.0,60,4,702.0,0.0,0.0,0.5646,Approved,0.8204,High Risk
25000.0,7.26,774.91,120000.0,7.72,0.0,14.0,0.0,34155.0,29.8,29.0,-1.0,36,1,707.0,0.0,0.0,0.1685,Rejected,,
18250.0,8.9,579.5,60000.0,11.52,0.0,11.0,0.0,8564.0,25.4,27.0,10.0,36,1,702.0,0.0,0.0,0.9818,Approved,0.2401,Medium Risk
3600.0,11.44,118.62,66000.0,28.22,1.0,19.0,0.0,59794.0,49.5,32.0,10.0,36,2,712.0,6.0,0.0,0.9871,Approved,0.2354,Medium Risk
16000.0,13.99,372.21,85000.0,18.28,0.0,5.0,1.0,8787.0,91.5,12.0,9.0,60,3,667.0,0.0,1.0,0.9911,Approved,0.7641,High Risk
12000.0,6.03,365.23,48000.0,14.15,0.0,11.0,0.0,5744.0,13.7,19.0,5.0,36,1,742.0,4.0,0.0,0.8079,Approved,0.1302,Medium Risk
24125.0,10.99,789.71,55000.0,25.99,0.0,11.0,0.0,17473.0,42.2,28.0,9.0,36,2,747.0,1.0,0.0,0.9951,Approved,0.3211,High Risk
16000.0,11.39,526.78,80000.0,22.6,0.0,13.0,0.0,37973.0,58.5,19.0,4.0,36,2,702.0,0.0,0.0,0.9819,Approved,0.4174,High Risk
15000.0,18.99,389.03,51000.0,28.46,0.0,11.0,0.0,16075.0,76.2,19.0,9.0,60,5,682.0,1.0,0.0,0.9627,Approved,0.8114,High Risk
33000.0,16.29,807.59,74000.0,23.11,0.0,8.0,0.0,8603.0,69.4,25.0,6.0,60,4,692.0,3.0,0.0,0.9747,Approved,0.6623,High Risk
15500.0,24.37,449.24,36000.0,28.67,1.0,13.0,0.0,14130.0,68.0,15.0,10.0,60,5,692.0,0.0,0.0,0.9849,Approved,0.8759,High Risk
11000.0,12.62,368.63,36000.0,21.63,0.0,9.0,1.0,12198.0,84.7,26.0,-1.0,36,3,662.0,0.0,1.0,0.3828,Rejected,,
16000.0,14.65,551.91,70000.0,12.33,3.0,5.0,0.0,4384.0,15.3,18.0,0.0,36,3,697.0,,0.0,0.4529,Rejected,,
20000.0,23.99,575.25,80000.0,15.63,3.0,14.0,2.0,8705.0,57.0,15.0,3.0,60,5,682.0,1.0,0.0,0.9296,Approved,0.8218,High Risk
3800.0,26.31,153.74,35859.2,14.99,0.0,15.0,1.0,2633.0,17.7,25.0,5.0,36,5,747.0,0.0,1.0,0.7881,Approved,0.637,High Risk
27200.0,14.08,634.03,60000.0,19.52,0.0,14.0,0.0,16735.0,49.7,47.0,10.0,60,3,687.0,6.0,0.0,0.9921,Approved,0.6424,High Risk
19200.0,8.18,390.97,70000.0,14.5,0.0,15.0,0.0,18157.0,49.7,31.0,10.0,60,2,737.0,4.0,0.0,0.9947,Approved,0.2445,Medium Risk
3500.0,13.49,118.76,76000.0,15.52,0.0,13.0,3.0,11097.0,44.2,20.0,7.0,36,3,692.0,0.0,0.0,0.9515,Approved,0.3734,High Risk
6000.0,8.18,188.52,85000.0,27.76,0.0,11.0,1.0,5315.0,26.1,20.0,8.0,36,2,677.0,2.0,1.0,0.9657,Approved,0.3404,High Risk
15000.0,15.05,357.25,45000.0,18.72,0.0,11.0,1.0,5937.0,21.1,41.0,1.0,60,3,692.0,4.0,1.0,0.9268,Approved,0.6741,High Risk
7000.0,10.99,229.14,55000.0,7.88,0.0,17.0,0.0,6287.0,36.1,23.0,0.0,36,2,682.0,0.0,0.0,0.1853,Rejected,,
6000.0,12.88,201.82,124000.0,10.36,1.0,6.0,0.0,23035.0,81.1,13.0,0.0,36,3,697.0,0.0,0.0,0.1968,Rejected,,
6000.0,5.32,180.69,72756.0,26.29,0.0,18.0,0.0,30010.0,38.1,33.0,0.0,36,1,717.0,4.0,0.0,0.1686,Rejected,,
21000.0,7.46,420.4,56000.0,15.2,0.0,7.0,0.0,15494.0,34.4,18.0,10.0,60,1,837.0,2.0,0.0,0.9905,Approved,0.2624,Medium Risk
5000.0,12.61,167.54,45000.0,6.56,2.0,8.0,0.0,5011.0,25.7,29.0,-1.0,36,3,702.0,3.0,0.0,0.0595,Rejected,,
6625.0,8.9,210.37,24000.0,18.35,2.0,6.0,0.0,2362.0,19.7,9.0,0.0,36,1,747.0,0.0,0.0,0.4019,Rejected,,
10000.0,9.8,321.74,78000.0,18.22,1.0,28.0,0.0,16965.0,47.0,53.0,10.0,36,2,667.0,2.0,0.0,0.9573,Approved,0.4701,High Risk
10000.0,7.99,313.32,51500.0,23.89,0.0,10.0,0.0,9640.0,81.0,24.0,10.0,36,1,682.0,2.0,0.0,0.9548,Approved,0.2618,Medium Risk
35000.0,14.49,823.31,110000.0,12.54,1.0,7.0,0.0,6496.0,36.5,32.0,10.0,60,3,722.0,5.0,0.0,0.9264,Approved,0.4932,High Risk
28000.0,15.61,979.02,438000.0,10.23,0.0,11.0,0.0,144151.0,93.0,11.0,7.0,36,4,662.0,0.0,0.0,0.9839,Approved,0.4071,High Risk
8000.0,10.9,261.54,80000.0,38.04,1.0,20.0,0.0,22991.0,44.5,31.0,7.0,36,2,712.0,0.0,0.0,0.9661,Approved,0.4255,High Risk
10000.0,12.69,335.45,34000.0,20.87,1.0,15.0,0.0,9157.0,43.6,21.0,2.0,36,3,672.0,0.0,0.0,0.9377,Approved,0.5586,High Risk
5000.0,13.35,169.32,31000.0,19.74,1.0,7.0,0.0,4038.0,49.2,11.0,10.0,36,3,672.0,1.0,0.0,0.9465,Approved,0.5165,High Risk
8000.0,5.32,240.92,120000.0,4.68,0.0,10.0,0.0,5240.0,16.8,26.0,10.0,36,1,717.0,4.0,0.0,0.9588,Approved,0.0618,Low Risk
5000.0,7.34,155.17,45000.0,17.36,0.0,7.0,0.0,5033.0,62.1,9.0,9.0,36,1,682.0,1.0,0.0,0.933,Approved,0.2449,Medium Risk
15000.0,26.77,455.98,191000.0,5.27,1.0,6.0,0.0,1436.0,19.7,20.0,5.0,60,5,677.0,0.0,0.0,0.4432,Rejected,,
14000.0,9.17,446.31,69000.0,28.21,1.0,12.0,1.0,11848.0,45.0,31.0,10.0,36,2,667.0,3.0,1.0,0.9897,Approved,0.4544,High Risk
12000.0,9.91,204.61,35000.0,17.45,0.0,5.0,0.0,6835.0,52.2,12.0,-1.0,60,2,757.0,,0.0,0.4075,Rejected,,
10000.0,8.19,314.25,98000.0,23.7,0.0,19.0,1.0,12481.0,75.6,37.0,0.0,36,1,672.0,5.0,1.0,0.078,Rejected,,
18000.0,9.44,377.51,48000.0,17.5,0.0,22.0,0.0,12297.0,23.3,33.0,10.0,60,2,782.0,0.0,0.0,0.9873,Approved,0.4074,High Risk
6000.0,10.64,195.42,81000.0,1.85,0.0,11.0,0.0,1627.0,8.6,30.0,4.0,36,2,687.0,9.0,0.0,0.9049,Approved,0.0877,Low Risk
12000.0,15.59,289.21,37000.0,23.87,1.0,6.0,0.0,1800.0,16.4,18.0,0.0,60,3,702.0,4.0,0.0,0.3781,Rejected,,
40000.0,7.84,1250.51,100000.0,9.06,1.0,11.0,0.0,8498.0,34.8,18.0,10.0,36,1,752.0,0.0,0.0,0.8996,Approved,0.2681,Medium Risk
25000.0,6.99,771.82,200000.0,16.63,0.0,8.0,0.0,19743.0,94.5,36.0,2.0,36,1,687.0,3.0,0.0,0.9516,Approved,0.2339,Medium Risk
30000.0,15.77,1051.31,132000.0,27.15,2.0,25.0,0.0,73065.0,65.1,46.0,2.0,36,4,672.0,6.0,0.0,0.9345,Approved,0.5746,High Risk
12000.0,7.26,371.96,55000.0,28.47,0.0,15.0,2.0,10274.0,43.2,26.0,7.0,36,1,712.0,0.0,1.0,0.9833,Approved,0.3644,High Risk
12000.0,13.67,408.22,70000.0,32.79,1.0,12.0,0.0,33300.0,70.4,21.0,5.0,36,3,702.0,0.0,0.0,0.5565,Approved,0.4999,High Risk
11200.0,7.99,350.92,72000.0,24.3,0.0,7.0,0.0,12340.0,63.0,32.0,10.0,36,1,722.0,3.0,0.0,0.9892,Approved,0.1694,Medium Risk
24000.0,12.12,798.52,105000.0,12.27,2.0,19.0,0.0,33556.0,44.3,43.0,5.0,36,2,667.0,10.0,0.0,0.9623,Approved,0.1645,Medium Risk
7075.0,17.86,255.29,35000.0,20.68,0.0,9.0,0.0,5800.0,93.5,15.0,3.0,36,4,667.0,1.0,0.0,0.9554,Approved,0.5326,High Risk
2400.0,9.99,77.43,10800.0,15.56,1.0,9.0,0.0,801.0,7.2,18.0,-1.0,36,2,712.0,,0.0,0.2539,Rejected,,
7200.0,14.47,247.73,50000.0,20.21,2.0,9.0,0.0,9142.0,30.0,10.0,5.0,36,3,667.0,0.0,0.0,0.9232,Approved,0.5185,High Risk
16000.0,14.08,372.96,28800.0,51.64,2.0,20.0,0.0,17165.0,32.6,35.0,2.0,60,3,707.0,0.0,0.0,0.8988,Approved,0.6579,High Risk
23100.0,16.99,823.47,55000.0,24.96,1.0,6.0,1.0,10641.0,73.9,8.0,10.0,36,4,672.0,0.0,1.0,0.9861,Approved,0.7223,High Risk
12000.0,15.49,288.58,45000.0,8.69,0.0,7.0,0.0,10995.0,59.8,18.0,2.0,60,3,662.0,2.0,0.0,0.9735,Approved,0.5653,High Risk
27700.0,28.18,865.48,81000.0,36.46,0.0,14.0,1.0,17694.0,91.7,32.0,10.0,60,7,687.0,4.0,0.0,0.9667,Approved,0.6933,High Risk
22775.0,7.49,708.34,59500.0,16.6,0.0,15.0,1.0,10798.0,16.3,21.0,4.0,36,1,727.0,0.0,1.0,0.9827,Approved,0.1823,Medium Risk
10000.0,16.02,351.67,30000.0,5.24,0.0,13.0,0.0,4369.0,19.2,32.0,9.0,36,3,702.0,0.0,0.0,0.9369,Approved,0.3864,High Risk
10000.0,13.33,229.23,45000.0,7.71,0.0,9.0,1.0,10697.0,61.5,24.0,10.0,60,3,662.0,7.0,0.0,0.9185,Approved,0.4482,High Risk
20000.0,12.99,454.96,60000.0,36.3,0.0,14.0,0.0,26360.0,56.8,39.0,1.0,60,3,702.0,1.0,0.0,0.8466,Approved,0.7541,High Risk
23000.0,15.59,554.32,57000.0,13.19,0.0,4.0,0.0,20135.0,49.6,15.0,-1.0,60,3,697.0,3.0,0.0,0.3421,Rejected,,
6000.0,9.92,193.38,85000.0,11.87,0.0,7.0,0.0,8330.0,55.5,15.0,10.0,36,2,672.0,1.0,0.0,0.9718,Approved,0.3106,High Risk
35000.0,22.95,1353.93,500000.0,0.45,2.0,8.0,0.0,4945.0,52.6,8.0,2.0,36,6,672.0,0.0,0.0,0.6582,Approved,0.5635,High Risk
14400.0,11.49,474.79,87000.0,9.26,2.0,11.0,1.0,12834.0,71.7,30.0,2.0,36,2,662.0,3.0,1.0,0.9939,Approved,0.3951,High Risk
5000.0,11.47,164.81,55000.0,3.34,0.0,5.0,0.0,1611.0,14.9,15.0,2.0,36,2,677.0,0.0,0.0,0.7567,Approved,0.2733,Medium Risk
13450.0,5.32,405.05,240000.0,7.93,0.0,15.0,0.0,10266.0,0.0,22.0,10.0,36,1,757.0,2.0,0.0,0.9872,Approved,0.0313,Low Risk
6300.0,23.99,247.14,60000.0,28.42,3.0,14.0,0.0,8171.0,61.0,24.0,10.0,36,5,667.0,3.0,0.0,0.9889,Approved,0.6889,High Risk
10000.0,13.35,229.33,65000.0,15.18,1.0,8.0,0.0,5466.0,52.1,26.0,3.0,60,3,682.0,0.0,0.0,0.9302,Approved,0.5659,High Risk
35000.0,18.24,893.35,215000.0,24.71,0.0,20.0,0.0,61880.0,76.1,64.0,7.0,60,4,672.0,1.0,0.0,0.9671,Approved,0.8026,High Risk
25000.0,6.89,770.68,1110000.0,1.39,0.0,9.0,0.0,22322.0,62.9,29.0,3.0,36,1,692.0,5.0,0.0,0.7655,Approved,0.1186,Medium Risk
12000.0,17.1,298.88,71500.0,13.71,0.0,11.0,1.0,9734.0,67.6,15.0,10.0,60,3,672.0,0.0,1.0,0.9878,Approved,0.6184,High Risk
15000.0,17.09,373.52,37000.0,23.71,0.0,8.0,0.0,10520.0,64.5,13.0,1.0,60,4,707.0,0.0,0.0,0.9012,Approved,0.7785,High Risk
11500.0,13.99,392.99,72000.0,12.45,2.0,15.0,1.0,1164.0,12.8,34.0,10.0,36,3,662.0,4.0,1.0,0.9831,Approved,0.4486,High Risk
18000.0,10.33,583.61,65000.0,21.95,2.0,8.0,0.0,9757.0,48.5,17.0,-1.0,36,2,722.0,0.0,0.0,0.3748,Rejected,,
35000.0,26.3,1054.15,93000.0,14.53,1.0,14.0,0.0,16012.0,46.4,46.0,10.0,60,5,717.0,3.0,0.0,0.9574,Approved,0.5519,High Risk
2500.0,9.17,79.7,67000.0,9.48,2.0,7.0,1.0,2448.0,40.8,27.0,1.0,36,2,667.0,2.0,1.0,0.4878,Rejected,,
12000.0,14.08,279.72,100000.0,18.92,0.0,7.0,1.0,4199.0,39.2,35.0,1.0,60,3,682.0,0.0,1.0,0.9746,Approved,0.5823,High Risk
30000.0,16.14,731.78,150000.0,13.25,1.0,11.0,0.0,41452.0,80.8,31.0,0.0,60,3,692.0,4.0,0.0,0.1293,Rejected,,
3000.0,6.99,92.62,50000.0,16.9,0.0,9.0,0.0,8632.0,39.4,16.0,7.0,36,1,727.0,0.0,0.0,0.9513,Approved,0.1554,Medium Risk
3000.0,11.99,99.63,103000.0,19.0,0.0,10.0,0.0,19591.0,69.5,20.0,10.0,36,2,732.0,4.0,0.0,0.9588,Approved,0.2984,Medium Risk
4800.0,12.98,161.69,56000.0,13.46,0.0,9.0,0.0,30329.0,54.3,16.0,0.0,36,2,737.0,0.0,0.0,0.7411,Approved,0.3521,High Risk
6325.0,20.75,237.49,43500.0,36.91,1.0,14.0,1.0,17490.0,66.8,19.0,4.0,36,5,697.0,1.0,1.0,0.9691,Approved,0.6711,High Risk
15000.0,20.39,400.68,40000.0,0.0,0.0,2.0,0.0,0.0,0.0,2.0,5.0,60,4,762.0,0.0,0.0,0.0519,Rejected,,
17000.0,8.39,535.79,90000.0,14.01,0.0,6.0,0.0,12135.0,36.6,35.0,5.0,36,1,737.0,0.0,0.0,0.8174,Approved,0.1711,Medium Risk
10000.0,14.07,342.12,81000.0,48.49,0.0,24.0,0.0,56979.0,58.7,36.0,10.0,36,3,682.0,1.0,0.0,0.8053,Approved,0.5667,High Risk
30000.0,17.47,1076.62,78000.0,15.45,3.0,6.0,0.0,1196.0,3.3,12.0,10.0,36,4,767.0,0.0,0.0,0.9635,Approved,0.7301,High Risk
9000.0,18.45,327.41,36000.0,39.23,0.0,14.0,0.0,10056.0,42.3,18.0,1.0,36,4,677.0,0.0,0.0,0.8671,Approved,0.6747,High Risk
40000.0,16.02,973.15,155000.0,22.79,1.0,15.0,0.0,14619.0,24.8,28.0,6.0,60,3,747.0,5.0,0.0,0.9044,Approved,0.5544,High Risk
12000.0,11.49,263.86,44000.0,27.41,0.0,30.0,1.0,11208.0,16.5,35.0,0.0,60,2,677.0,0.0,1.0,0.3493,Rejected,,
12000.0,13.56,407.58,97500.0,9.27,0.0,11.0,0.0,8433.0,71.5,20.0,2.0,36,3,677.0,0.0,0.0,0.972,Approved,0.5011,High Risk
10000.0,7.21,309.74,38880.0,29.07,2.0,6.0,0.0,2585.0,16.0,43.0,-1.0,36,1,692.0,2.0,0.0,0.0733,Rejected,,
10000.0,13.56,339.65,75000.0,3.3,1.0,5.0,0.0,5671.0,53.5,7.0,2.0,36,3,672.0,1.0,0.0,0.8448,Approved,0.3931,High Risk
8000.0,8.99,254.37,125000.0,3.15,0.0,10.0,1.0,8119.0,23.2,26.0,5.0,36,2,677.0,5.0,1.0,0.4448,Rejected,,
35000.0,20.0,1300.73,60000.0,78.78,0.0,15.0,0.0,87436.0,83.4,23.0,2.0,36,4,692.0,0.0,0.0,0.7989,Approved,0.6298,High Risk
7000.0,18.94,256.38,45000.0,16.91,0.0,4.0,1.0,0.0,0.0,14.0,0.0,36,4,697.0,0.0,1.0,0.1983,Rejected,,
20700.0,13.49,476.2,45000.0,18.37,3.0,23.0,0.0,33751.0,25.0,31.0,2.0,60,3,682.0,0.0,0.0,0.9351,Approved,0.5136,High Risk
15000.0,24.99,440.19,175000.0,4.45,1.0,8.0,0.0,6212.0,60.9,11.0,10.0,60,5,667.0,0.0,0.0,0.9246,Approved,0.7299,High Risk
10000.0,17.57,251.61,41000.0,16.36,0.0,12.0,0.0,10851.0,76.4,21.0,6.0,60,4,672.0,2.0,0.0,0.9312,Approved,0.6714,High Risk
25450.0,30.84,836.58,60000.0,28.8,0.0,12.0,0.0,16364.0,74.0,15.0,1.0,60,7,687.0,0.0,0.0,0.9039,Approved,0.8462,High Risk
18100.0,18.25,656.64,60000.0,19.56,2.0,23.0,0.0,16755.0,42.4,35.0,10.0,36,5,672.0,2.0,0.0,0.9875,Approved,0.7103,High Risk
11900.0,7.99,372.85,58000.0,24.66,1.0,16.0,0.0,23830.0,37.6,27.0,1.0,36,1,722.0,0.0,0.0,0.9862,Approved,0.2785,Medium Risk
8000.0,11.47,263.7,160000.0,18.94,1.0,14.0,0.0,76647.0,94.4,23.0,10.0,36,2,677.0,2.0,0.0,0.9824,Approved,0.468,High Risk
6000.0,7.07,185.46,35000.0,6.45,0.0,11.0,0.0,4891.0,20.7,12.0,1.0,36,1,732.0,0.0,0.0,0.9259,Approved,0.1564,Medium Risk
26500.0,27.27,813.47,65000.0,28.31,1.0,16.0,1.0,7152.0,35.4,35.0,4.0,60,5,662.0,3.0,1.0,0.9659,Approved,0.8758,High Risk
8000.0,9.99,258.1,38500.0,27.21,0.0,24.0,0.0,8036.0,40.2,42.0,4.0,36,2,682.0,1.0,0.0,0.9579,Approved,0.4545,High Risk
12000.0,14.08,279.72,42600.0,24.56,0.0,13.0,0.0,10670.0,57.7,27.0,8.0,60,3,692.0,0.0,0.0,0.9856,Approved,0.7233,High Risk
32000.0,15.49,769.54,72000.0,27.34,1.0,6.0,0.0,31998.0,84.2,13.0,0.0,60,3,717.0,0.0,0.0,0.4338,Rejected,,
12000.0,7.24,371.85,140000.0,10.65,2.0,15.0,0.0,17627.0,20.6,42.0,10.0,36,1,792.0,8.0,0.0,0.9836,Approved,0.0514,Low Risk
25000.0,14.08,582.75,144999.0,20.62,0.0,11.0,0.0,22902.0,64.5,15.0,10.0,60,3,727.0,2.0,0.0,0.9587,Approved,0.5501,High Risk
30000.0,6.11,914.16,112500.0,9.85,0.0,9.0,0.0,29221.0,54.1,15.0,7.0,36,1,747.0,2.0,0.0,0.9357,Approved,0.0352,Low Risk
20000.0,12.12,665.44,71500.0,23.5,0.0,13.0,0.0,24823.0,42.9,30.0,3.0,36,2,722.0,2.0,0.0,0.9199,Approved,0.3241,High Risk
6200.0,9.17,197.65,75000.0,7.79,0.0,6.0,0.0,9564.0,51.7,10.0,3.0,36,2,672.0,0.0,0.0,0.983,Approved,0.2217,Medium Risk
6000.0,19.99,222.96,30000.0,6.97,1.0,8.0,3.0,3352.0,42.4,24.0,-1.0,36,4,677.0,1.0,0.0,0.2153,Rejected,,
27000.0,17.57,970.31,115000.0,14.18,2.0,11.0,0.0,27217.0,91.6,28.0,7.0,36,4,682.0,3.0,0.0,0.9881,Approved,0.5122,High Risk
8000.0,6.08,243.67,40000.0,13.29,0.0,5.0,0.0,8077.0,59.0,26.0,3.0,36,1,692.0,0.0,0.0,0.9684,Approved,0.1146,Medium Risk
28000.0,18.84,723.88,108000.0,16.66,0.0,7.0,0.0,2667.0,44.4,20.0,8.0,60,5,687.0,1.0,0.0,0.9903,Approved,0.7306,High Risk
12000.0,9.44,251.68,33280.0,19.11,1.0,8.0,0.0,9886.0,40.4,19.0,9.0,60,2,722.0,1.0,0.0,0.9896,Approved,0.5853,High Risk
10000.0,7.97,313.23,45000.0,26.8,2.0,17.0,0.0,13261.0,46.2,20.0,5.0,36,1,667.0,1.0,0.0,0.4875,Rejected,,
8000.0,12.99,269.52,51000.0,11.39,0.0,10.0,0.0,9164.0,54.2,15.0,3.0,36,3,697.0,0.0,0.0,0.9682,Approved,0.3815,High Risk
5000.0,11.44,164.74,85000.0,6.75,0.0,9.0,1.0,3089.0,40.0,19.0,10.0,36,2,672.0,1.0,1.0,0.9436,Approved,0.3298,High Risk
24000.0,7.39,479.66,97000.0,13.71,0.0,14.0,0.0,12113.0,18.4,26.0,10.0,60,1,737.0,2.0,0.0,0.9956,Approved,0.2889,Medium Risk
9000.0,10.99,294.61,37000.0,25.62,0.0,7.0,1.0,8130.0,59.8,15.0,10.0,36,2,662.0,0.0,1.0,0.9794,Approved,0.5404,High Risk
9450.0,13.59,321.1,25635.0,31.55,0.0,13.0,0.0,15253.0,43.7,35.0,-1.0,36,3,682.0,2.0,0.0,0.1537,Rejected,,
10000.0,6.67,307.27,60000.0,15.22,0.0,17.0,0.0,8605.0,13.6,38.0,10.0,36,1,772.0,2.0,0.0,0.9551,Approved,0.0929,Low Risk
3000.0,11.31,98.66,20000.0,13.99,1.0,8.0,0.0,5636.0,35.7,13.0,-1.0,36,2,672.0,2.0,0.0,0.0725,Rejected,,
25000.0,14.33,586.0,60000.0,11.74,0.0,6.0,0.0,7811.0,46.5,17.0,3.0,60,3,687.0,2.0,0.0,0.9352,Approved,0.6297,High Risk
30000.0,6.08,913.75,51500.0,1.56,1.0,9.0,0.0,2895.0,8.4,13.0,2.0,36,1,782.0,1.0,0.0,0.8351,Approved,0.1095,Medium Risk
18000.0,13.58,611.54,60000.0,30.36,0.0,7.0,0.0,16029.0,62.6,18.0,2.0,36,3,667.0,0.0,0.0,0.9773,Approved,0.5158,High Risk
15000.0,7.89,469.29,195000.0,9.88,1.0,13.0,0.0,9738.0,45.1,25.0,0.0,36,1,672.0,1.0,0.0,0.1459,Rejected,,
20000.0,13.99,683.46,73000.0,38.68,1.0,13.0,0.0,37454.0,83.4,46.0,10.0,36,3,702.0,2.0,0.0,0.8542,Approved,0.4065,High Risk
6150.0,21.45,233.13,235000.0,6.61,3.0,12.0,0.0,11124.0,72.0,20.0,3.0,36,4,682.0,2.0,0.0,0.9506,Approved,0.6889,High Risk
19200.0,13.99,446.66,64000.0,22.71,1.0,22.0,0.0,30952.0,40.3,37.0,10.0,60,3,722.0,1.0,0.0,0.9957,Approved,0.632,High Risk
20000.0,13.99,465.27,92000.0,3.82,0.0,9.0,0.0,11027.0,20.2,27.0,10.0,60,3,717.0,4.0,0.0,0.8845,Approved,0.3663,High Risk
6000.0,19.99,222.96,60000.0,17.84,0.0,8.0,0.0,1509.0,41.9,27.0,6.0,36,4,682.0,0.0,0.0,0.9566,Approved,0.6787,High Risk
12000.0,13.33,406.24,48000.0,14.9,0.0,6.0,0.0,19259.0,88.8,22.0,3.0,36,3,687.0,0.0,0.0,0.9801,Approved,0.3642,High Risk
20000.0,26.3,602.37,99400.0,31.37,0.0,14.0,0.0,29690.0,53.3,38.0,10.0,60,5,712.0,2.0,0.0,0.9285,Approved,0.6977,High Risk
13000.0,15.99,316.07,49900.0,24.63,1.0,13.0,1.0,9093.0,31.0,41.0,10.0,60,3,677.0,4.0,1.0,0.9721,Approved,0.641,High Risk
2500.0,13.99,85.44,90000.0,18.06,0.0,10.0,0.0,128034.0,96.3,29.0,10.0,36,3,682.0,1.0,0.0,0.904,Approved,0.5539,High Risk
16000.0,19.42,589.9,44000.0,11.87,0.0,7.0,0.0,13796.0,95.8,7.0,10.0,36,4,662.0,1.0,0.0,0.9875,Approved,0.496,High Risk
24000.0,11.49,791.32,65000.0,8.29,0.0,6.0,0.0,7003.0,71.5,22.0,6.0,36,2,677.0,2.0,0.0,0.9942,Approved,0.4896,High Risk
10000.0,7.49,311.02,44700.0,28.48,0.0,11.0,1.0,8313.0,26.1,14.0,0.0,36,1,742.0,1.0,0.0,0.0594,Rejected,,
15000.0,15.02,357.01,50000.0,11.95,2.0,14.0,0.0,9895.0,58.9,28.0,2.0,60,3,717.0,0.0,0.0,0.9252,Approved,0.4628,High Risk
22000.0,12.62,496.3,137000.0,29.63,1.0,22.0,0.0,8236.0,9.8,50.0,10.0,60,3,732.0,2.0,0.0,0.9638,Approved,0.5357,High Risk
13200.0,12.69,298.25,40000.0,33.06,1.0,11.0,0.0,10225.0,39.2,20.0,6.0,60,3,722.0,1.0,0.0,0.9904,Approved,0.6391,High Risk
12000.0,7.56,373.61,75000.0,5.15,0.0,5.0,0.0,12072.0,48.5,10.0,5.0,36,1,692.0,1.0,0.0,0.7091,Approved,0.1595,Medium Risk
3500.0,7.84,109.42,36000.0,36.43,0.0,11.0,0.0,10711.0,40.3,14.0,10.0,36,1,727.0,0.0,0.0,0.9289,Approved,0.3254,High Risk
30000.0,9.75,964.5,138000.0,20.89,0.0,15.0,0.0,29228.0,61.8,29.0,4.0,36,2,687.0,3.0,0.0,0.9408,Approved,0.3231,High Risk
7000.0,10.91,228.88,60000.0,7.98,0.0,6.0,0.0,637.0,4.0,9.0,1.0,36,2,762.0,0.0,0.0,0.9352,Approved,0.3445,High Risk
22800.0,10.49,740.95,65532.0,18.02,0.0,6.0,0.0,25696.0,50.8,11.0,0.0,36,2,712.0,0.0,0.0,0.454,Rejected,,
2300.0,22.35,88.26,80000.0,25.73,0.0,7.0,0.0,47731.0,98.0,11.0,1.0,36,4,712.0,0.0,0.0,0.9556,Approved,0.3475,High Risk
32650.0,22.99,920.24,71000.0,11.41,1.0,12.0,0.0,18423.0,39.0,30.0,10.0,60,6,742.0,1.0,0.0,0.993,Approved,0.6888,High Risk
28000.0,6.89,863.16,200000.0,13.94,0.0,15.0,0.0,210602.0,62.4,30.0,8.0,36,1,702.0,5.0,0.0,0.9899,Approved,0.0726,Low Risk
7200.0,12.74,241.7,56700.0,9.78,0.0,6.0,0.0,3891.0,76.3,23.0,10.0,36,3,692.0,3.0,0.0,0.9912,Approved,0.2864,Medium Risk
7000.0,7.69,218.36,28000.0,5.02,0.0,6.0,1.0,3461.0,29.8,23.0,4.0,36,1,672.0,2.0,0.0,0.9315,Approved,0.1708,Medium Risk
20000.0,12.49,668.98,222395.0,2.0,0.0,8.0,0.0,27426.0,60.3,35.0,8.0,36,2,687.0,1.0,0.0,0.7971,Approved,0.2499,Medium Risk
5000.0,11.99,166.05,55000.0,24.22,1.0,10.0,0.0,3601.0,44.5,46.0,10.0,36,3,682.0,2.0,0.0,0.9497,Approved,0.4997,High Risk
15000.0,12.42,501.23,55000.0,24.04,3.0,9.0,0.0,5281.0,51.8,29.0,4.0,36,2,722.0,,0.0,0.9298,Approved,0.4119,High Risk
6250.0,17.1,223.15,29400.0,26.16,1.0,7.0,1.0,5866.0,62.4,10.0,10.0,36,3,702.0,0.0,1.0,0.9897,Approved,0.524,High Risk
13000.0,13.49,299.07,47000.0,22.01,0.0,9.0,4.0,12354.0,70.2,19.0,10.0,60,3,667.0,0.0,2.0,0.9811,Approved,0.5671,High Risk
4000.0,10.78,130.54,112500.0,6.92,1.0,15.0,0.0,4425.0,54.0,40.0,2.0,36,2,672.0,4.0,0.0,0.8735,Approved,0.1233,Medium Risk
6000.0,21.45,227.44,20000.0,16.81,1.0,8.0,0.0,8765.0,54.4,8.0,3.0,36,4,672.0,0.0,0.0,0.9651,Approved,0.6675,High Risk
6000.0,21.45,227.44,42000.0,31.51,1.0,8.0,0.0,5418.0,40.1,11.0,4.0,36,4,672.0,0.0,0.0,0.9386,Approved,0.6645,High Risk
30000.0,8.24,943.42,140000.0,12.67,0.0,2.0,0.0,22105.0,40.2,11.0,10.0,36,2,677.0,3.0,0.0,0.9441,Approved,0.1524,Medium Risk
24000.0,20.5,642.55,65000.0,21.66,2.0,15.0,1.0,3263.0,20.9,34.0,10.0,60,5,682.0,2.0,1.0,0.9963,Approved,0.7343,High Risk
10000.0,15.8,350.59,30000.0,14.68,0.0,8.0,1.0,12708.0,44.6,12.0,9.0,36,3,697.0,0.0,0.0,0.9601,Approved,0.5431,High Risk
20000.0,21.49,758.55,100000.0,22.48,4.0,17.0,0.0,7868.0,38.6,50.0,2.0,36,5,672.0,5.0,0.0,0.922,Approved,0.6014,High Risk
17125.0,11.55,377.06,118000.0,34.72,0.0,17.0,0.0,135607.0,78.2,39.0,4.0,60,2,697.0,2.0,0.0,0.9649,Approved,0.4445,High Risk
3000.0,16.29,105.91,32000.0,22.62,1.0,8.0,0.0,5509.0,77.6,12.0,2.0,36,4,697.0,0.0,0.0,0.8746,Approved,0.4295,High Risk
7000.0,14.99,242.63,42000.0,27.63,0.0,22.0,0.0,6480.0,82.0,40.0,5.0,36,3,662.0,0.0,0.0,0.6011,Approved,0.6053,High Risk
1725.0,12.79,57.95,19000.0,15.56,2.0,14.0,0.0,6400.0,28.7,16.0,1.0,36,3,707.0,0.0,0.0,0.7422,Approved,0.3915,High Risk
25000.0,17.56,898.31,100000.0,18.53,1.0,14.0,0.0,13967.0,34.3,27.0,4.0,36,4,722.0,0.0,0.0,0.938,Approved,0.5756,High Risk
9300.0,18.25,337.39,40000.0,22.2,2.0,11.0,1.0,3930.0,37.4,22.0,5.0,36,5,662.0,1.0,1.0,0.7499,Approved,0.7455,High Risk
3000.0,10.99,98.21,66483.0,19.6,0.0,13.0,0.0,14742.0,32.8,19.0,10.0,36,2,692.0,2.0,0.0,0.956,Approved,0.3047,High Risk
5950.0,16.99,212.11,20000.0,15.71,1.0,9.0,0.0,1932.0,28.8,10.0,2.0,36,4,697.0,0.0,0.0,0.9793,Approved,0.5264,High Risk
2575.0,17.1,91.94,44000.0,30.44,0.0,11.0,0.0,6219.0,75.8,19.0,6.0,36,3,687.0,2.0,0.0,0.8736,Approved,0.4121,High Risk
5200.0,7.35,161.4,80000.0,15.93,0.0,7.0,0.0,4924.0,30.2,30.0,10.0,36,1,772.0,0.0,0.0,0.942,Approved,0.0912,Low Risk
30000.0,12.74,1007.07,92000.0,11.37,0.0,11.0,0.0,34865.0,65.3,16.0,10.0,36,3,697.0,4.0,0.0,0.9475,Approved,0.3899,High Risk
21600.0,13.11,728.89,200000.0,7.98,0.0,8.0,0.0,34804.0,79.6,37.0,10.0,36,3,712.0,,0.0,0.9541,Approved,0.1703,Medium Risk
20000.0,28.72,631.44,10776.0,179.62,0.0,8.0,0.0,8719.0,55.5,22.0,-1.0,60,6,667.0,4.0,0.0,0.0074,Rejected,,
21500.0,13.56,495.38,84784.0,15.4,0.0,7.0,0.0,14970.0,87.0,13.0,10.0,60,3,682.0,4.0,0.0,0.9887,Approved,0.5908,High Risk
4000.0,7.59,124.6,40000.0,12.63,0.0,9.0,0.0,3961.0,18.4,18.0,4.0,36,1,792.0,2.0,0.0,0.9125,Approved,0.1251,Medium Risk
30800.0,17.09,766.96,64500.0,31.29,0.0,16.0,0.0,31236.0,82.6,36.0,-1.0,60,4,687.0,3.0,0.0,0.2265,Rejected,,
7800.0,10.75,254.44,35000.0,33.81,0.0,4.0,0.0,5613.0,92.0,6.0,6.0,36,2,677.0,2.0,0.0,0.9555,Approved,0.4255,High Risk
4200.0,13.11,141.74,48000.0,19.3,1.0,10.0,0.0,11726.0,42.1,24.0,6.0,36,2,687.0,5.0,0.0,0.9858,Approved,0.3385,High Risk
20000.0,11.99,444.79,172000.0,9.96,2.0,11.0,1.0,24843.0,73.0,26.0,10.0,60,2,677.0,3.0,0.0,0.9359,Approved,0.5706,High Risk
10000.0,16.14,243.93,46000.0,17.48,0.0,8.0,0.0,8306.0,31.0,19.0,10.0,60,3,697.0,0.0,0.0,0.9601,Approved,0.6143,High Risk
12000.0,7.89,375.43,60000.0,25.34,1.0,13.0,0.0,23710.0,53.5,28.0,4.0,36,1,687.0,0.0,0.0,0.9757,Approved,0.2833,Medium Risk
30000.0,12.39,673.27,114000.0,19.51,2.0,22.0,0.0,45535.0,37.1,30.0,10.0,60,3,717.0,2.0,0.0,0.9651,Approved,0.5346,High Risk
5000.0,10.91,163.49,28800.0,3.42,0.0,5.0,0.0,0.0,0.0,9.0,0.0,36,2,752.0,0.0,0.0,0.0399,Rejected,,
5500.0,11.44,181.22,45000.0,3.49,0.0,5.0,0.0,3553.0,45.6,5.0,10.0,36,2,762.0,1.0,0.0,0.9608,Approved,0.3418,High Risk
25200.0,14.46,592.39,71300.0,23.28,1.0,14.0,0.0,26237.0,57.0,29.0,-1.0,60,3,672.0,0.0,0.0,0.1198,Rejected,,
3500.0,17.97,126.49,25000.0,39.41,2.0,9.0,0.0,2744.0,27.2,20.0,-1.0,36,4,687.0,0.0,0.0,0.0251,Rejected,,
4000.0,18.45,145.52,64000.0,11.59,0.0,8.0,0.0,2787.0,51.6,11.0,2.0,36,4,682.0,0.0,0.0,0.9395,Approved,0.4467,High Risk
8000.0,7.97,250.59,81000.0,20.07,0.0,18.0,0.0,12702.0,40.3,36.0,9.0,36,1,717.0,3.0,0.0,0.9867,Approved,0.2585,Medium Risk
15000.0,16.29,529.51,86400.0,16.39,3.0,9.0,0.0,40291.0,81.0,20.0,7.0,36,4,672.0,,0.0,0.9535,Approved,0.3396,High Risk
35000.0,11.49,1154.0,100000.0,27.01,0.0,12.0,3.0,824.0,17.5,24.0,10.0,36,2,717.0,1.0,0.0,0.9428,Approved,0.5621,High Risk
25000.0,13.49,575.12,102000.0,5.0,0.0,7.0,1.0,7450.0,65.4,17.0,10.0,60,3,682.0,3.0,1.0,0.939,Approved,0.6005,High Risk
3600.0,13.59,122.33,56000.0,10.52,1.0,14.0,0.0,11025.0,48.6,23.0,5.0,36,3,682.0,1.0,0.0,0.8614,Approved,0.3752,High Risk
32000.0,20.0,847.81,94000.0,16.03,0.0,8.0,0.0,20536.0,76.6,29.0,6.0,60,4,667.0,2.0,0.0,0.98,Approved,0.5522,High Risk
16450.0,8.39,518.45,42012.0,15.87,0.0,7.0,0.0,27756.0,70.3,24.0,2.0,36,2,672.0,2.0,0.0,0.9865,Approved,0.2374,Medium Risk
10000.0,14.85,237.12,78000.0,27.0,1.0,10.0,1.0,9374.0,59.7,28.0,10.0,60,3,672.0,0.0,1.0,0.9362,Approved,0.7494,High Risk
15000.0,15.05,357.25,75000.0,12.96,0.0,8.0,1.0,12333.0,65.6,16.0,10.0,60,3,677.0,0.0,1.0,0.9595,Approved,0.667,High Risk
3000.0,7.14,92.82,67000.0,9.78,1.0,10.0,0.0,27421.0,87.9,30.0,10.0,36,1,752.0,,0.0,0.9148,Approved,0.0779,Low Risk
9600.0,10.99,314.25,75000.0,7.97,0.0,5.0,1.0,10654.0,67.9,16.0,-1.0,36,2,687.0,0.0,1.0,0.8507,Approved,0.4192,High Risk
18000.0,10.99,391.28,65000.0,18.08,0.0,8.0,0.0,21537.0,69.9,14.0,10.0,60,2,712.0,0.0,0.0,0.9891,Approved,0.478,High Risk
15000.0,8.67,474.7,100000.0,23.53,1.0,17.0,0.0,44561.0,83.8,48.0,10.0,36,2,707.0,10.0,0.0,0.9532,Approved,0.1096,Medium Risk
18800.0,17.57,473.01,68001.58,19.82,0.0,8.0,0.0,8439.0,54.8,21.0,10.0,60,4,687.0,3.0,0.0,0.9879,Approved,0.6689,High Risk
11600.0,17.14,289.17,43000.0,8.18,0.0,9.0,0.0,11746.0,54.1,25.0,2.0,60,4,662.0,2.0,0.0,0.984,Approved,0.5516,High Risk
3000.0,10.16,97.03,61674.82,8.27,0.0,7.0,0.0,15695.0,56.3,17.0,9.0,36,2,697.0,3.0,0.0,0.9272,Approved,0.2607,Medium Risk
15000.0,13.56,345.62,35400.0,20.46,0.0,7.0,0.0,1584.0,17.6,20.0,-1.0,60,3,712.0,5.0,0.0,0.1283,Rejected,,
17900.0,8.18,364.5,82820.0,11.07,0.0,16.0,0.0,10947.0,28.5,32.0,3.0,60,2,787.0,3.0,0.0,0.9794,Approved,0.1733,Medium Risk
40000.0,8.81,1268.46,57700.0,27.93,0.0,7.0,0.0,12665.0,59.5,13.0,10.0,36,1,722.0,0.0,0.0,0.9102,Approved,0.3784,High Risk
8000.0,13.68,272.18,105104.76,33.69,0.0,14.0,0.0,31459.0,80.1,32.0,10.0,36,3,687.0,3.0,0.0,0.969,Approved,0.4803,High Risk
5200.0,21.49,197.23,73000.0,8.6,0.0,5.0,0.0,4857.0,83.7,9.0,8.0,36,4,667.0,1.0,0.0,0.8665,Approved,0.5346,High Risk
4150.0,18.99,152.11,32600.0,16.68,0.0,8.0,0.0,3804.0,73.0,22.0,3.0,36,4,662.0,0.0,0.0,0.9514,Approved,0.552,High Risk
15000.0,10.78,489.52,90000.0,8.92,1.0,5.0,1.0,7596.0,55.0,9.0,10.0,36,2,667.0,1.0,1.0,0.9362,Approved,0.3297,High Risk
18400.0,11.49,606.68,40000.0,17.52,0.0,8.0,0.0,21587.0,88.8,17.0,10.0,36,2,722.0,1.0,0.0,0.9864,Approved,0.3472,High Risk
12000.0,18.25,306.36,85000.0,27.22,2.0,8.0,0.0,7785.0,62.3,23.0,2.0,60,4,672.0,1.0,0.0,0.9799,Approved,0.7637,High Risk
17575.0,14.48,413.33,45000.0,24.24,1.0,11.0,0.0,7079.0,50.6,33.0,8.0,60,3,707.0,0.0,0.0,0.9851,Approved,0.7236,High Risk
9000.0,17.27,322.09,80000.0,17.72,1.0,10.0,1.0,2274.0,18.0,24.0,10.0,36,4,662.0,3.0,1.0,0.9795,Approved,0.5926,High Risk
20000.0,10.37,648.83,260000.0,7.66,0.0,8.0,0.0,129183.0,0.0,17.0,0.0,36,2,772.0,,0.0,0.138,Rejected,,
10200.0,19.03,264.77,42300.0,25.3,0.0,6.0,1.0,2541.0,59.1,9.0,0.0,60,4,692.0,0.0,1.0,0.0704,Rejected,,
12000.0,14.07,410.54,42000.0,13.2,0.0,3.0,0.0,620.0,20.0,5.0,6.0,36,3,737.0,0.0,0.0,0.9593,Approved,0.5962,High Risk
12000.0,7.97,375.88,70000.0,3.31,1.0,6.0,0.0,3194.0,14.5,8.0,3.0,36,1,737.0,1.0,0.0,0.9553,Approved,0.2335,Medium Risk
20000.0,11.06,655.35,85000.0,27.62,0.0,15.0,0.0,18862.0,53.6,35.0,10.0,36,2,712.0,4.0,0.0,0.9531,Approved,0.335,High Risk
6000.0,13.99,205.04,35000.0,21.74,1.0,9.0,1.0,6179.0,46.1,26.0,6.0,36,3,687.0,0.0,1.0,0.9586,Approved,0.4677,High Risk
7200.0,16.59,255.24,45000.0,33.84,2.0,8.0,0.0,4659.0,49.6,20.0,3.0,36,4,697.0,0.0,0.0,0.9939,Approved,0.659,High Risk
21250.0,10.64,692.09,49088.0,19.92,2.0,13.0,0.0,29471.0,60.0,28.0,10.0,36,2,722.0,1.0,0.0,0.9893,Approved,0.3738,High Risk
20000.0,17.99,507.76,250000.0,11.13,0.0,14.0,1.0,44423.0,60.4,19.0,4.0,60,4,677.0,1.0,0.0,0.914,Approved,0.6779,High Risk
4000.0,12.39,133.61,37000.0,6.65,0.0,9.0,0.0,4473.0,71.0,16.0,0.0,36,3,692.0,3.0,0.0,0.1198,Rejected,,
8400.0,7.49,261.26,40000.0,31.14,0.0,11.0,0.0,470.0,2.0,32.0,4.0,36,1,817.0,0.0,0.0,0.9828,Approved,0.0843,Low Risk
12000.0,14.33,412.06,68000.0,27.49,0.0,13.0,1.0,23806.0,87.2,20.0,10.0,36,3,672.0,0.0,1.0,0.9873,Approved,0.546,High Risk
8375.0,10.49,272.17,33900.0,26.16,0.0,12.0,1.0,8376.0,68.1,21.0,0.0,36,2,662.0,0.0,1.0,0.5309,Approved,0.5031,High Risk
2000.0,10.91,65.4,36500.0,4.08,2.0,3.0,0.0,310.0,1.6,4.0,3.0,36,2,727.0,0.0,0.0,0.6942,Approved,0.2715,Medium Risk
9000.0,13.67,306.16,40000.0,32.22,0.0,9.0,0.0,19284.0,59.9,34.0,5.0,36,2,687.0,0.0,0.0,0.5787,Approved,0.4428,High Risk
40000.0,9.49,1281.14,89496.0,14.71,0.0,15.0,0.0,21971.0,61.4,25.0,7.0,36,2,727.0,3.0,0.0,0.9217,Approved,0.2352,Medium Risk
15000.0,9.99,483.94,100054.0,23.75,2.0,9.0,0.0,58676.0,88.5,30.0,10.0,36,2,677.0,2.0,0.0,0.9626,Approved,0.4303,High Risk
16000.0,6.0,464.66,145000.0,19.67,0.0,14.0,0.0,37625.0,59.9,41.0,10.0,36,2,707.0,5.0,0.0,0.989,Approved,0.1026,Medium Risk
5000.0,10.75,163.11,46000.0,13.02,2.0,8.0,1.0,4013.0,32.9,13.0,10.0,36,2,662.0,0.0,1.0,0.9251,Approved,0.4037,High Risk
4000.0,9.99,129.05,31000.0,17.34,1.0,7.0,1.0,2219.0,30.0,13.0,10.0,36,2,687.0,2.0,1.0,0.9731,Approved,0.286,Medium Risk
9250.0,13.99,316.1,50000.0,36.97,0.0,21.0,1.0,16893.0,28.5,45.0,10.0,36,3,732.0,2.0,0.0,0.9679,Approved,0.4491,High Risk
